Iteration,schedules
1,"[(252, 14), (63, 3), (66, 1), (67, 9), (247, 8), (38, 11), (39, 12), (201, 13), (213, 1), (32, 7), (26, 15), (150, 2), (151, 6), (152, 11), (1, 5), (74, 13), (76, 2), (77, 1), (160, 12), (163, 10), (164, 8), (34, 9), (101, 4), (106, 7), (107, 9), (145, 6), (147, 8), (148, 1), (181, 4), (192, 3), (155, 14), (157, 2), (158, 7), (97, 10), (177, 6), (179, 12), (37, 5), (11, 11), (49, 5), (69, 3), (70, 13), (99, 2), (197, 10), (199, 11), (35, 12), (133, 11), (134, 10), (138, 13), (139, 11), (53, 5), (44, 9), (47, 14), (112, 8), (113, 5), (114, 15), (117, 4), (80, 10), (30, 6), (234, 4), (243, 4), (244, 14), (245, 6), (246, 14), (17, 13), (92, 6), (87, 14), (91, 12), (216, 4), (227, 13), (228, 10), (229, 6), (230, 4), (231, 14), (232, 8), (165, 2), (166, 12), (167, 9), (168, 5), (149, 2), (193, 10), (248, 13), (68, 8), (171, 10), (36, 6), (98, 1), (18, 1), (54, 12), (58, 1), (59, 6), (172, 6), (200, 3), (173, 3), (2, 7), (3, 8), (43, 5), (174, 9), (144, 8), (253, 15), (175, 7), (254, 15), (255, 12), (31, 14), (27, 12), (256, 13), (85, 3), (51, 9), (130, 2), (180, 9), (250, 3), (195, 10), (196, 14), (176, 15), (194, 14), (196, 14), (121, 12), (6, 9), (257, 12), (50, 1), (33, 2), (258, 11), (48, 13), (259, 8), (154, 14), (233, 2), (7, 14), (72, 11), (122, 2), (123, 1), (124, 9), (129, 13), (249, 13), (73, 10), (15, 3), (78, 15), (79, 3), (52, 12), (23, 15), (16, 13), (131, 6), (28, 7), (132, 10), (24, 2), (8, 7), (9, 12), (251, 3), (93, 5), (250, 3), (19, 5), (12, 15), (100, 5), (25, 1), (86, 12), (20, 4), (13, 7), (14, 7), (81, 9), (82, 14), (21, 2), (83, 2), (22, 12), (29, 15), (84, 6), (94, 13), (95, 5), (96, 4), (10, 10)]"
2,"[(112, 7), (118, 3), (119, 5), (120, 6), (17, 13), (234, 4), (235, 3), (236, 15), (240, 4), (241, 13), (242, 4), (92, 6), (37, 5), (53, 5), (38, 11), (40, 6), (41, 7), (42, 2), (34, 9), (69, 7), (70, 13), (97, 10), (247, 8), (197, 2), (198, 7), (11, 11), (160, 12), (161, 13), (162, 5), (44, 9), (47, 14), (232, 8), (80, 12), (150, 10), (151, 1), (152, 10), (30, 8), (35, 12), (145, 6), (146, 3), (1, 5), (155, 15), (159, 1), (49, 7), (201, 8), (202, 1), (63, 3), (66, 1), (67, 9), (252, 14), (87, 14), (89, 11), (90, 2), (32, 4), (101, 4), (105, 1), (99, 14), (165, 2), (169, 3), (170, 4), (74, 15), (75, 9), (26, 10), (181, 4), (182, 15), (183, 12), (184, 4), (185, 2), (187, 3), (188, 6), (189, 9), (191, 1), (133, 11), (140, 9), (141, 2), (143, 1), (216, 3), (227, 6), (228, 10), (229, 6), (230, 4), (231, 14), (177, 1), (179, 12), (144, 8), (204, 15), (54, 12), (58, 1), (59, 6), (43, 5), (180, 7), (78, 4), (149, 2), (72, 11), (12, 12), (171, 10), (36, 6), (68, 8), (200, 12), (18, 1), (50, 1), (172, 6), (51, 9), (130, 2), (253, 15), (256, 13), (173, 3), (254, 15), (255, 12), (31, 12), (48, 8), (233, 15), (174, 9), (6, 12), (81, 9), (23, 15), (7, 14), (73, 10), (79, 10), (175, 7), (257, 4), (52, 1), (248, 5), (131, 5), (249, 13), (98, 14), (121, 13), (122, 2), (123, 8), (124, 9), (176, 15), (258, 11), (85, 3), (24, 4), (259, 8), (82, 13), (83, 2), (27, 10), (84, 6), (251, 14), (33, 6), (13, 7), (129, 4), (93, 8), (154, 11), (15, 2), (25, 14), (16, 13), (8, 9), (203, 14), (9, 12), (2, 6), (3, 8), (94, 13), (132, 10), (10, 10), (28, 7), (100, 13), (29, 3), (205, 10), (19, 5), (86, 12), (14, 7), (20, 3), (21, 2), (22, 12), (95, 5), (96, 6), (250, 14), (251, 7)]"
3,"[(112, 7), (113, 5), (115, 7), (116, 2), (117, 4), (133, 11), (140, 9), (142, 15), (143, 1), (44, 9), (47, 14), (17, 6), (49, 5), (35, 12), (97, 10), (37, 5), (63, 3), (64, 8), (65, 2), (181, 4), (192, 3), (34, 9), (160, 12), (161, 13), (162, 8), (69, 3), (71, 15), (155, 15), (156, 3), (197, 10), (198, 7), (234, 11), (235, 3), (236, 15), (240, 4), (241, 13), (242, 4), (32, 7), (87, 14), (88, 5), (11, 11), (92, 1), (53, 5), (247, 2), (201, 13), (214, 13), (215, 8), (99, 2), (216, 13), (217, 7), (218, 7), (219, 3), (221, 9), (222, 2), (223, 2), (226, 10), (26, 15), (232, 9), (101, 7), (105, 1), (165, 2), (166, 12), (167, 9), (168, 5), (30, 8), (177, 6), (179, 12), (38, 1), (39, 12), (150, 10), (153, 3), (74, 15), (75, 9), (1, 5), (252, 14), (145, 6), (147, 8), (148, 1), (80, 12), (31, 14), (68, 8), (78, 4), (149, 2), (144, 4), (72, 11), (73, 10), (193, 10), (36, 4), (79, 10), (200, 12), (194, 14), (196, 14), (171, 10), (195, 13), (196, 14), (50, 1), (233, 15), (48, 8), (172, 6), (6, 12), (173, 3), (18, 12), (43, 5), (2, 9), (5, 8), (121, 6), (27, 10), (122, 2), (125, 11), (127, 14), (128, 7), (98, 14), (130, 2), (7, 12), (180, 7), (174, 9), (54, 12), (55, 1), (129, 13), (85, 3), (248, 13), (51, 9), (154, 11), (86, 12), (52, 1), (33, 6), (175, 7), (19, 5), (131, 6), (12, 11), (100, 13), (8, 7), (253, 15), (256, 13), (254, 15), (176, 15), (15, 2), (132, 10), (9, 12), (249, 13), (10, 10), (257, 12), (23, 14), (255, 12), (13, 7), (250, 3), (20, 3), (16, 7), (258, 11), (14, 7), (259, 8), (24, 2), (28, 7), (93, 15), (94, 13), (81, 9), (82, 13), (21, 2), (29, 3), (83, 2), (25, 1), (251, 7), (95, 5), (22, 12), (84, 6), (96, 6)]"
4,"[(101, 4), (111, 15), (165, 2), (166, 12), (167, 9), (168, 5), (247, 8), (11, 11), (150, 10), (151, 1), (152, 9), (26, 10), (44, 9), (47, 14), (201, 13), (213, 1), (63, 3), (66, 5), (67, 9), (181, 4), (182, 15), (183, 12), (186, 13), (187, 3), (188, 6), (189, 9), (191, 1), (69, 7), (71, 15), (177, 6), (179, 12), (252, 14), (80, 8), (145, 6), (146, 3), (37, 5), (32, 7), (155, 14), (157, 12), (158, 7), (160, 12), (163, 10), (164, 8), (35, 12), (74, 13), (75, 3), (216, 3), (227, 6), (228, 10), (229, 6), (230, 4), (231, 14), (53, 5), (1, 13), (17, 1), (197, 2), (198, 7), (87, 14), (88, 5), (49, 5), (133, 11), (140, 1), (142, 15), (143, 1), (232, 9), (99, 9), (30, 6), (97, 2), (34, 9), (92, 6), (112, 8), (118, 3), (119, 5), (120, 6), (234, 3), (235, 3), (236, 15), (240, 4), (241, 13), (242, 4), (38, 11), (40, 6), (41, 7), (42, 2), (36, 4), (31, 12), (121, 12), (144, 8), (200, 12), (18, 1), (149, 2), (248, 3), (33, 2), (78, 4), (2, 9), (4, 11), (249, 8), (100, 13), (68, 5), (48, 8), (180, 7), (72, 11), (122, 9), (123, 1), (124, 9), (171, 10), (6, 6), (43, 5), (79, 10), (73, 13), (27, 10), (253, 15), (254, 15), (7, 14), (172, 6), (233, 15), (173, 3), (256, 13), (257, 12), (174, 9), (98, 15), (175, 7), (255, 12), (258, 11), (23, 14), (259, 8), (85, 12), (51, 9), (154, 14), (176, 15), (130, 2), (19, 14), (12, 8), (129, 13), (54, 12), (62, 14), (93, 14), (13, 7), (131, 6), (132, 10), (81, 8), (251, 7), (82, 13), (50, 1), (52, 1), (83, 2), (20, 3), (21, 2), (94, 13), (8, 1), (9, 12), (250, 3), (10, 10), (251, 14), (84, 6), (24, 2), (95, 5), (96, 4), (25, 1), (22, 12), (86, 12), (15, 4), (28, 7), (29, 3), (16, 13), (14, 7)]"
5,"[(44, 9), (47, 14), (197, 10), (198, 7), (165, 2), (169, 3), (170, 4), (247, 8), (97, 2), (112, 7), (118, 3), (119, 5), (120, 6), (80, 12), (74, 5), (75, 9), (177, 6), (178, 10), (216, 11), (227, 6), (228, 10), (229, 6), (230, 4), (231, 14), (17, 13), (38, 1), (40, 6), (41, 7), (42, 2), (101, 4), (105, 1), (145, 6), (147, 8), (148, 1), (99, 14), (150, 10), (153, 3), (37, 7), (155, 15), (156, 3), (30, 3), (53, 5), (234, 4), (235, 3), (236, 15), (237, 14), (238, 13), (239, 11), (242, 4), (201, 8), (213, 1), (1, 13), (232, 8), (69, 7), (71, 8), (63, 8), (66, 1), (67, 9), (26, 15), (34, 9), (160, 12), (163, 10), (164, 8), (32, 4), (92, 1), (11, 11), (87, 14), (89, 15), (90, 2), (133, 10), (134, 10), (138, 13), (139, 11), (181, 4), (192, 3), (49, 5), (252, 14), (35, 12), (15, 2), (253, 15), (254, 15), (149, 2), (233, 2), (68, 5), (144, 8), (193, 10), (256, 13), (255, 12), (48, 8), (43, 5), (98, 1), (180, 7), (33, 6), (257, 4), (200, 12), (85, 3), (36, 4), (130, 2), (100, 13), (31, 14), (78, 15), (195, 13), (196, 14), (18, 1), (16, 7), (2, 9), (4, 14), (54, 12), (62, 9), (171, 1), (248, 13), (251, 3), (172, 6), (19, 5), (173, 12), (121, 12), (6, 12), (122, 2), (123, 1), (124, 9), (7, 14), (8, 1), (27, 10), (72, 3), (129, 13), (50, 1), (79, 10), (154, 11), (174, 5), (51, 9), (194, 13), (196, 14), (131, 6), (175, 7), (73, 10), (20, 13), (176, 15), (9, 12), (10, 10), (86, 12), (52, 1), (12, 11), (13, 7), (23, 15), (258, 11), (259, 8), (24, 2), (25, 13), (132, 1), (21, 2), (81, 9), (14, 7), (82, 15), (83, 2), (84, 6), (22, 12), (93, 14), (28, 6), (249, 4), (94, 13), (29, 3), (250, 3), (95, 5), (251, 7), (96, 4)]"
6,"[(87, 14), (89, 11), (90, 2), (34, 9), (74, 5), (76, 2), (77, 1), (97, 10), (17, 6), (145, 6), (146, 3), (38, 1), (40, 6), (41, 7), (42, 2), (216, 3), (227, 6), (228, 10), (229, 6), (230, 4), (231, 14), (44, 9), (45, 8), (46, 2), (165, 2), (166, 12), (167, 9), (168, 5), (11, 4), (80, 12), (181, 4), (192, 3), (32, 7), (133, 10), (140, 9), (142, 15), (143, 1), (37, 7), (69, 13), (71, 15), (92, 1), (247, 8), (53, 5), (30, 8), (160, 15), (163, 10), (164, 8), (252, 14), (177, 6), (179, 12), (155, 15), (157, 12), (158, 7), (234, 11), (235, 15), (236, 15), (240, 4), (241, 13), (242, 4), (150, 2), (151, 1), (152, 9), (201, 8), (214, 13), (215, 8), (63, 3), (64, 6), (65, 2), (26, 10), (101, 7), (105, 1), (232, 9), (197, 10), (199, 11), (49, 7), (112, 8), (113, 5), (115, 7), (116, 2), (117, 4), (99, 11), (1, 5), (35, 12), (193, 10), (149, 2), (171, 10), (172, 6), (54, 12), (55, 6), (50, 1), (31, 14), (81, 2), (130, 2), (121, 12), (43, 5), (18, 12), (78, 4), (100, 13), (194, 14), (196, 14), (27, 10), (144, 8), (122, 2), (123, 1), (124, 9), (253, 15), (233, 2), (256, 13), (254, 15), (173, 3), (68, 5), (93, 14), (82, 13), (255, 12), (72, 11), (129, 13), (200, 3), (257, 12), (258, 11), (259, 8), (83, 13), (84, 6), (6, 6), (7, 14), (85, 3), (195, 10), (196, 14), (36, 4), (154, 11), (98, 14), (174, 9), (180, 7), (131, 6), (48, 8), (73, 10), (248, 5), (79, 10), (175, 7), (132, 10), (176, 15), (12, 11), (249, 13), (2, 7), (5, 8), (19, 5), (51, 9), (23, 14), (52, 1), (250, 3), (86, 12), (94, 13), (95, 5), (96, 6), (20, 3), (8, 1), (24, 2), (33, 6), (251, 7), (13, 7), (9, 12), (25, 1), (15, 4), (10, 4), (28, 13), (16, 7), (21, 2), (14, 7), (22, 12), (29, 3)]"
7,"[(97, 10), (37, 5), (181, 4), (182, 15), (183, 12), (184, 4), (185, 2), (187, 3), (188, 6), (190, 5), (191, 1), (53, 5), (145, 6), (146, 3), (155, 15), (159, 5), (34, 9), (92, 1), (17, 13), (26, 10), (63, 3), (66, 1), (67, 9), (1, 5), (177, 2), (178, 10), (201, 8), (214, 8), (215, 8), (197, 2), (198, 7), (35, 12), (74, 13), (76, 2), (77, 14), (49, 7), (101, 7), (108, 13), (247, 12), (44, 9), (47, 14), (80, 12), (165, 2), (166, 12), (167, 9), (168, 5), (232, 11), (87, 14), (91, 12), (32, 4), (252, 14), (30, 3), (216, 11), (227, 6), (228, 10), (229, 6), (230, 4), (231, 14), (234, 3), (243, 4), (244, 11), (245, 6), (246, 14), (38, 1), (40, 6), (41, 7), (42, 2), (133, 11), (140, 9), (141, 12), (143, 1), (150, 10), (153, 3), (112, 7), (113, 5), (114, 15), (117, 4), (160, 15), (163, 10), (164, 8), (99, 14), (11, 7), (69, 3), (70, 13), (180, 9), (171, 10), (31, 14), (172, 6), (2, 9), (5, 8), (6, 12), (149, 2), (130, 2), (68, 5), (48, 8), (18, 12), (200, 3), (43, 5), (36, 4), (51, 3), (100, 13), (121, 12), (144, 4), (78, 4), (253, 15), (254, 15), (7, 14), (256, 13), (255, 12), (72, 3), (73, 10), (257, 4), (50, 1), (248, 5), (122, 2), (125, 11), (126, 8), (128, 7), (258, 11), (173, 3), (233, 15), (259, 8), (110, 8), (249, 13), (54, 15), (60, 10), (61, 4), (23, 14), (174, 9), (52, 1), (98, 1), (85, 12), (109, 7), (8, 1), (175, 7), (15, 2), (154, 14), (176, 15), (131, 6), (33, 6), (27, 10), (79, 10), (81, 2), (129, 13), (24, 7), (82, 14), (9, 12), (16, 13), (250, 2), (10, 10), (83, 2), (12, 11), (84, 6), (93, 15), (19, 5), (132, 1), (251, 14), (28, 7), (13, 6), (20, 3), (25, 1), (94, 13), (95, 5), (21, 9), (29, 3), (96, 6), (22, 12), (86, 5), (14, 7)]"
8,"[(38, 11), (40, 6), (41, 7), (42, 2), (112, 7), (113, 5), (114, 15), (117, 4), (150, 2), (151, 1), (152, 9), (177, 1), (179, 12), (69, 3), (71, 15), (181, 4), (182, 15), (183, 12), (184, 4), (185, 2), (187, 3), (188, 6), (190, 5), (191, 1), (37, 5), (53, 5), (35, 12), (26, 15), (80, 8), (234, 11), (235, 3), (236, 15), (237, 14), (238, 13), (239, 11), (242, 4), (49, 7), (30, 6), (197, 10), (198, 5), (160, 12), (161, 13), (162, 5), (247, 2), (165, 2), (166, 12), (167, 9), (168, 5), (97, 10), (92, 6), (11, 4), (252, 14), (74, 13), (75, 9), (133, 11), (134, 10), (138, 13), (139, 11), (44, 9), (47, 14), (201, 13), (214, 13), (215, 8), (63, 8), (66, 1), (67, 9), (145, 6), (147, 8), (148, 8), (34, 9), (155, 14), (159, 5), (216, 13), (217, 7), (220, 8), (221, 9), (222, 2), (224, 9), (225, 1), (226, 10), (87, 14), (91, 12), (1, 5), (101, 7), (108, 13), (32, 7), (17, 1), (99, 2), (232, 8), (36, 4), (149, 2), (68, 5), (171, 1), (43, 5), (27, 10), (172, 6), (48, 8), (200, 3), (110, 8), (54, 12), (58, 1), (59, 3), (78, 4), (130, 2), (100, 13), (33, 6), (31, 12), (233, 15), (18, 1), (2, 7), (4, 11), (144, 8), (251, 7), (79, 10), (6, 12), (7, 14), (23, 14), (180, 7), (173, 3), (109, 4), (72, 11), (131, 6), (24, 2), (154, 14), (73, 13), (93, 5), (174, 9), (253, 15), (256, 13), (175, 7), (254, 15), (255, 12), (257, 12), (258, 11), (176, 15), (85, 12), (259, 8), (51, 9), (121, 12), (132, 10), (15, 2), (50, 6), (98, 15), (25, 1), (248, 5), (52, 1), (94, 11), (122, 2), (125, 11), (126, 8), (128, 7), (8, 3), (81, 10), (249, 8), (16, 13), (129, 13), (9, 12), (86, 5), (10, 10), (19, 5), (28, 7), (82, 13), (83, 2), (84, 6), (95, 5), (250, 3), (20, 3), (96, 6), (251, 7), (12, 11), (13, 1), (29, 3), (21, 2), (14, 7), (22, 12)]"
9,"[(26, 15), (145, 6), (146, 3), (63, 3), (66, 1), (67, 9), (232, 8), (234, 4), (243, 4), (244, 14), (245, 6), (246, 14), (177, 2), (179, 12), (247, 12), (69, 7), (70, 13), (252, 14), (133, 11), (140, 9), (141, 2), (143, 1), (53, 5), (97, 10), (11, 11), (165, 2), (166, 12), (167, 9), (168, 5), (80, 8), (74, 13), (76, 2), (77, 1), (92, 1), (112, 7), (113, 5), (114, 15), (117, 4), (32, 7), (49, 5), (38, 1), (39, 12), (87, 14), (89, 11), (90, 2), (1, 13), (99, 9), (181, 4), (182, 15), (183, 12), (186, 13), (187, 3), (188, 6), (189, 9), (191, 1), (197, 10), (199, 11), (160, 9), (163, 10), (164, 8), (17, 6), (35, 12), (101, 7), (105, 1), (201, 3), (209, 10), (34, 9), (150, 2), (153, 3), (30, 3), (37, 5), (216, 10), (217, 7), (220, 8), (221, 9), (222, 2), (223, 2), (226, 10), (44, 9), (45, 8), (46, 2), (155, 14), (157, 12), (158, 7), (171, 10), (33, 6), (172, 6), (144, 8), (248, 3), (51, 9), (100, 13), (48, 8), (50, 1), (36, 4), (149, 2), (52, 1), (121, 12), (200, 3), (173, 3), (233, 15), (122, 2), (123, 1), (124, 9), (68, 8), (78, 4), (31, 14), (180, 7), (98, 15), (249, 13), (211, 7), (79, 10), (253, 15), (256, 13), (210, 6), (6, 6), (54, 12), (56, 8), (57, 1), (254, 15), (43, 5), (255, 12), (2, 9), (3, 8), (130, 2), (72, 3), (131, 6), (174, 5), (73, 10), (7, 14), (93, 14), (18, 1), (175, 7), (132, 1), (176, 15), (23, 15), (27, 12), (85, 12), (154, 11), (129, 13), (12, 11), (212, 2), (19, 5), (257, 12), (258, 11), (259, 8), (13, 7), (8, 7), (250, 3), (24, 2), (251, 3), (9, 12), (20, 13), (94, 11), (21, 9), (86, 12), (81, 8), (82, 13), (10, 10), (28, 6), (83, 2), (84, 6), (29, 3), (95, 5), (96, 6), (25, 1), (22, 12), (15, 4), (16, 7), (14, 7)]"
10,"[(145, 6), (147, 8), (148, 1), (53, 5), (74, 13), (76, 2), (77, 1), (181, 4), (192, 3), (38, 11), (40, 6), (41, 7), (42, 2), (1, 5), (35, 12), (232, 8), (92, 1), (252, 14), (165, 2), (169, 3), (170, 4), (26, 15), (80, 12), (87, 14), (89, 11), (90, 8), (37, 7), (99, 9), (63, 3), (64, 6), (65, 2), (11, 7), (69, 13), (71, 15), (150, 10), (151, 6), (152, 9), (49, 7), (201, 3), (213, 1), (101, 4), (111, 15), (30, 3), (34, 9), (216, 10), (217, 15), (218, 7), (219, 3), (221, 9), (222, 2), (223, 2), (226, 10), (247, 8), (234, 11), (243, 4), (244, 14), (245, 6), (246, 14), (44, 9), (47, 14), (112, 8), (118, 3), (119, 5), (120, 1), (133, 10), (134, 10), (138, 13), (139, 11), (32, 5), (155, 14), (156, 3), (177, 6), (179, 12), (160, 12), (161, 13), (162, 5), (197, 2), (198, 7), (17, 1), (97, 10), (149, 2), (200, 12), (36, 4), (85, 12), (31, 14), (43, 5), (171, 10), (172, 6), (78, 15), (50, 5), (18, 1), (33, 6), (193, 10), (48, 8), (194, 14), (196, 14), (121, 6), (130, 1), (144, 8), (180, 7), (6, 12), (72, 11), (233, 15), (122, 2), (125, 11), (126, 8), (128, 7), (195, 13), (196, 14), (73, 10), (19, 5), (98, 1), (7, 14), (68, 5), (100, 9), (51, 3), (173, 3), (174, 9), (253, 15), (256, 13), (154, 11), (27, 12), (54, 12), (58, 1), (59, 6), (175, 7), (52, 1), (257, 12), (254, 15), (255, 12), (131, 6), (258, 11), (176, 15), (259, 8), (248, 13), (249, 13), (20, 3), (2, 6), (5, 6), (93, 14), (15, 2), (28, 7), (81, 8), (86, 5), (8, 7), (79, 10), (9, 12), (132, 10), (23, 14), (21, 2), (16, 7), (10, 10), (129, 13), (94, 3), (82, 13), (95, 5), (83, 2), (24, 2), (84, 6), (12, 8), (25, 1), (29, 3), (22, 12), (250, 2), (96, 6), (251, 7), (13, 7), (14, 7)]"
11,"[(165, 2), (166, 12), (167, 9), (168, 5), (92, 6), (232, 8), (80, 10), (32, 7), (1, 5), (234, 4), (243, 4), (244, 14), (245, 6), (246, 14), (133, 11), (140, 5), (141, 2), (143, 1), (53, 5), (181, 4), (182, 15), (183, 12), (184, 4), (185, 2), (187, 3), (188, 6), (189, 9), (191, 1), (197, 2), (199, 11), (11, 7), (74, 13), (75, 6), (34, 9), (37, 5), (49, 7), (97, 10), (44, 9), (45, 8), (46, 2), (69, 3), (70, 13), (155, 15), (157, 8), (158, 7), (101, 7), (102, 14), (201, 8), (206, 6), (207, 12), (208, 1), (177, 1), (178, 10), (160, 12), (163, 10), (164, 8), (252, 14), (63, 8), (66, 1), (67, 9), (30, 3), (17, 1), (35, 12), (150, 2), (153, 3), (87, 14), (91, 12), (38, 11), (39, 12), (145, 6), (146, 3), (216, 13), (227, 6), (228, 10), (229, 6), (230, 4), (231, 14), (26, 15), (247, 8), (99, 9), (112, 8), (118, 3), (119, 5), (120, 6), (98, 1), (18, 1), (130, 2), (149, 2), (200, 3), (2, 9), (3, 8), (43, 5), (85, 3), (253, 15), (256, 13), (144, 8), (50, 5), (31, 14), (254, 15), (54, 15), (55, 1), (180, 7), (255, 12), (154, 11), (248, 5), (233, 2), (68, 5), (171, 10), (172, 6), (78, 4), (72, 11), (36, 4), (257, 4), (173, 3), (174, 9), (104, 2), (249, 13), (175, 7), (48, 8), (73, 13), (6, 6), (15, 3), (93, 15), (100, 13), (258, 11), (259, 8), (33, 8), (7, 14), (86, 12), (12, 12), (51, 3), (131, 11), (176, 15), (79, 10), (132, 10), (121, 12), (27, 10), (94, 13), (16, 13), (52, 1), (23, 14), (122, 2), (125, 11), (126, 8), (128, 7), (28, 6), (129, 13), (250, 3), (13, 6), (81, 10), (251, 14), (82, 13), (83, 2), (29, 3), (84, 6), (95, 5), (24, 2), (25, 1), (103, 3), (96, 6), (14, 2), (8, 7), (9, 12), (10, 10), (19, 5), (20, 3), (21, 2), (22, 12)]"
12,"[(150, 2), (153, 3), (160, 12), (161, 13), (162, 5), (87, 14), (91, 12), (232, 8), (32, 7), (74, 5), (75, 9), (69, 7), (70, 13), (133, 11), (134, 10), (135, 4), (136, 12), (137, 7), (139, 11), (30, 6), (80, 10), (99, 9), (145, 6), (146, 3), (155, 15), (159, 1), (234, 4), (243, 4), (244, 14), (245, 6), (246, 14), (26, 15), (181, 4), (182, 15), (183, 12), (184, 4), (185, 2), (187, 3), (188, 6), (190, 5), (191, 1), (101, 4), (106, 7), (107, 9), (49, 5), (252, 9), (165, 2), (169, 3), (170, 4), (35, 12), (112, 8), (113, 5), (114, 15), (117, 4), (44, 9), (45, 8), (46, 2), (201, 8), (206, 6), (207, 12), (208, 1), (97, 2), (1, 13), (37, 7), (17, 6), (53, 5), (247, 12), (216, 11), (227, 13), (228, 10), (229, 6), (230, 4), (231, 14), (63, 3), (66, 5), (67, 9), (38, 1), (40, 6), (41, 7), (42, 2), (34, 9), (197, 10), (198, 5), (11, 4), (92, 1), (177, 2), (179, 12), (27, 10), (18, 1), (68, 5), (253, 15), (256, 13), (43, 5), (6, 12), (54, 12), (62, 14), (33, 8), (171, 10), (172, 6), (200, 3), (149, 2), (254, 15), (36, 4), (255, 12), (48, 8), (130, 1), (173, 3), (154, 14), (144, 8), (51, 9), (2, 9), (5, 8), (98, 14), (93, 14), (50, 1), (257, 4), (233, 15), (31, 14), (248, 13), (174, 9), (131, 6), (81, 6), (175, 7), (121, 12), (100, 5), (8, 7), (249, 13), (132, 10), (85, 3), (180, 9), (176, 15), (72, 11), (52, 1), (78, 15), (122, 2), (125, 11), (126, 8), (128, 7), (7, 12), (9, 12), (129, 13), (79, 10), (73, 13), (10, 10), (23, 15), (82, 13), (258, 11), (86, 12), (12, 11), (83, 2), (259, 8), (15, 4), (16, 10), (19, 13), (84, 6), (20, 3), (24, 4), (250, 3), (21, 2), (25, 1), (251, 7), (22, 12), (13, 7), (28, 6), (29, 8), (14, 7), (94, 13), (95, 5), (96, 6)]"
13,"[(177, 6), (178, 10), (17, 5), (181, 4), (182, 15), (183, 12), (186, 13), (187, 3), (188, 6), (189, 9), (191, 1), (160, 12), (161, 6), (162, 5), (155, 15), (159, 5), (69, 3), (71, 15), (26, 10), (234, 11), (235, 1), (236, 15), (240, 4), (241, 13), (242, 4), (165, 2), (169, 3), (170, 4), (44, 9), (45, 8), (46, 2), (37, 7), (252, 14), (101, 7), (105, 11), (201, 8), (206, 6), (207, 12), (208, 1), (63, 8), (66, 1), (67, 9), (97, 2), (145, 6), (146, 3), (30, 8), (74, 13), (76, 2), (77, 14), (99, 14), (34, 9), (150, 10), (151, 1), (152, 11), (247, 12), (38, 1), (39, 12), (11, 7), (197, 2), (198, 7), (32, 4), (49, 7), (232, 11), (92, 6), (1, 5), (35, 12), (216, 13), (217, 5), (218, 2), (219, 3), (221, 9), (222, 2), (223, 2), (226, 10), (87, 14), (88, 5), (112, 8), (113, 5), (115, 7), (116, 3), (117, 4), (80, 12), (53, 5), (133, 11), (134, 10), (135, 4), (136, 12), (137, 7), (139, 11), (48, 8), (200, 3), (36, 4), (149, 2), (253, 15), (78, 4), (254, 15), (31, 14), (144, 8), (171, 10), (255, 12), (121, 12), (256, 13), (33, 6), (51, 9), (23, 14), (79, 10), (43, 5), (50, 1), (233, 15), (130, 2), (122, 2), (123, 1), (124, 9), (52, 1), (6, 12), (172, 6), (131, 5), (68, 8), (129, 13), (54, 12), (55, 6), (132, 1), (7, 14), (27, 10), (72, 11), (257, 12), (248, 5), (180, 9), (173, 3), (18, 1), (73, 13), (24, 6), (28, 7), (19, 5), (85, 13), (249, 13), (98, 15), (86, 12), (2, 9), (3, 8), (174, 9), (175, 7), (176, 15), (251, 7), (29, 3), (100, 13), (93, 14), (154, 11), (250, 3), (251, 7), (8, 7), (81, 9), (9, 12), (10, 10), (94, 11), (20, 13), (21, 2), (82, 14), (83, 2), (12, 8), (95, 5), (258, 1), (13, 6), (259, 8), (15, 3), (96, 4), (16, 13), (84, 6), (14, 7), (25, 14), (22, 9)]"
14,"[(92, 6), (112, 7), (113, 5), (115, 7), (116, 2), (117, 4), (30, 3), (53, 5), (35, 12), (232, 8), (101, 4), (102, 14), (34, 9), (181, 4), (192, 3), (69, 13), (71, 15), (38, 11), (40, 6), (41, 7), (42, 2), (97, 10), (99, 2), (216, 11), (217, 7), (220, 8), (221, 9), (222, 2), (223, 2), (226, 10), (201, 8), (206, 6), (207, 12), (208, 1), (63, 3), (64, 6), (65, 2), (177, 1), (179, 12), (32, 4), (37, 5), (87, 14), (91, 9), (133, 10), (140, 9), (141, 2), (143, 1), (1, 5), (17, 1), (197, 2), (199, 11), (74, 15), (76, 2), (77, 1), (150, 2), (153, 3), (26, 15), (44, 9), (47, 14), (155, 12), (156, 3), (80, 12), (49, 7), (145, 6), (147, 8), (148, 1), (165, 2), (169, 3), (170, 4), (252, 14), (160, 9), (163, 10), (164, 8), (247, 8), (11, 11), (234, 3), (235, 3), (236, 15), (240, 4), (241, 13), (242, 4), (253, 15), (195, 10), (196, 14), (233, 15), (200, 12), (130, 1), (48, 13), (193, 10), (180, 7), (68, 5), (149, 2), (171, 10), (254, 15), (78, 4), (43, 5), (256, 13), (36, 4), (255, 12), (51, 9), (54, 12), (62, 14), (154, 11), (8, 3), (18, 1), (194, 14), (196, 14), (23, 9), (104, 14), (6, 12), (172, 6), (98, 14), (2, 7), (5, 8), (7, 14), (144, 8), (100, 13), (50, 1), (52, 1), (19, 5), (85, 3), (72, 3), (173, 3), (73, 10), (79, 14), (174, 9), (9, 12), (33, 6), (175, 7), (257, 4), (176, 15), (121, 13), (122, 2), (125, 11), (127, 6), (128, 7), (103, 3), (15, 5), (27, 13), (131, 6), (31, 14), (81, 9), (248, 13), (249, 13), (20, 13), (129, 13), (258, 1), (82, 13), (259, 8), (83, 2), (24, 6), (93, 8), (251, 3), (10, 10), (21, 2), (132, 1), (28, 7), (84, 6), (16, 7), (86, 12), (25, 12), (250, 3), (12, 8), (29, 3), (251, 7), (94, 13), (22, 12), (13, 7), (14, 7), (95, 5), (96, 4)]"
15,"[(112, 7), (113, 5), (114, 15), (117, 4), (87, 14), (91, 12), (201, 8), (214, 13), (215, 8), (35, 12), (101, 4), (102, 14), (63, 3), (64, 6), (65, 2), (247, 2), (34, 9), (165, 2), (166, 12), (167, 9), (168, 5), (69, 3), (71, 15), (26, 10), (74, 5), (76, 2), (77, 1), (150, 10), (151, 1), (152, 9), (160, 9), (161, 13), (162, 5), (97, 2), (252, 14), (1, 5), (216, 11), (227, 6), (228, 10), (229, 6), (230, 4), (231, 11), (232, 8), (53, 5), (17, 1), (99, 2), (92, 1), (145, 6), (146, 3), (155, 15), (157, 8), (158, 7), (37, 5), (80, 12), (30, 6), (177, 2), (178, 10), (32, 7), (133, 11), (134, 10), (138, 13), (139, 11), (38, 11), (40, 6), (41, 7), (42, 2), (234, 4), (243, 4), (244, 14), (245, 6), (246, 14), (44, 9), (45, 8), (46, 2), (11, 7), (181, 4), (182, 15), (183, 12), (186, 4), (187, 3), (188, 15), (190, 5), (191, 1), (197, 10), (199, 11), (49, 7), (31, 12), (121, 13), (144, 8), (18, 1), (171, 10), (54, 12), (62, 14), (200, 3), (149, 2), (104, 2), (130, 1), (36, 6), (122, 2), (125, 11), (126, 8), (128, 7), (172, 6), (68, 8), (233, 15), (129, 13), (154, 11), (78, 15), (93, 14), (6, 6), (180, 7), (100, 9), (81, 9), (23, 14), (43, 4), (82, 13), (51, 9), (253, 15), (256, 13), (131, 6), (173, 3), (33, 2), (174, 9), (72, 3), (27, 13), (83, 2), (254, 15), (98, 1), (7, 14), (255, 12), (103, 3), (257, 12), (248, 3), (73, 10), (85, 13), (132, 1), (84, 6), (48, 8), (175, 11), (86, 12), (258, 11), (259, 8), (28, 7), (79, 10), (176, 15), (94, 11), (15, 2), (24, 2), (19, 5), (29, 3), (2, 9), (3, 8), (12, 11), (8, 7), (9, 12), (50, 1), (52, 1), (249, 13), (16, 13), (13, 7), (250, 2), (10, 10), (95, 5), (14, 7), (96, 6), (251, 14), (25, 1), (20, 3), (21, 2), (22, 12)]"
16,"[(80, 12), (92, 6), (181, 4), (192, 3), (252, 14), (112, 7), (118, 3), (119, 5), (120, 6), (35, 12), (44, 9), (47, 14), (247, 8), (155, 15), (159, 5), (69, 13), (70, 13), (145, 6), (146, 3), (34, 9), (87, 14), (91, 12), (30, 8), (160, 15), (163, 10), (164, 8), (101, 7), (111, 7), (99, 2), (97, 10), (32, 5), (216, 11), (217, 15), (220, 10), (221, 9), (222, 2), (224, 9), (225, 1), (226, 10), (17, 1), (197, 2), (199, 11), (201, 8), (202, 1), (232, 11), (37, 5), (74, 15), (75, 6), (11, 4), (53, 5), (63, 3), (64, 6), (65, 2), (177, 2), (179, 12), (150, 2), (151, 1), (152, 9), (49, 7), (234, 11), (235, 3), (236, 15), (237, 14), (238, 13), (239, 11), (242, 4), (165, 2), (169, 3), (170, 2), (38, 1), (39, 12), (26, 15), (133, 10), (140, 9), (141, 12), (143, 1), (1, 13), (193, 10), (93, 8), (50, 1), (78, 4), (200, 3), (85, 12), (171, 10), (36, 4), (172, 6), (248, 3), (253, 11), (98, 14), (256, 13), (68, 5), (254, 15), (6, 12), (255, 12), (233, 15), (173, 3), (149, 2), (54, 12), (62, 14), (257, 4), (144, 8), (249, 13), (31, 12), (7, 14), (2, 9), (3, 1), (130, 1), (194, 14), (196, 14), (195, 13), (196, 14), (180, 7), (100, 9), (43, 5), (18, 1), (204, 14), (174, 9), (175, 7), (131, 6), (48, 8), (33, 6), (258, 11), (154, 11), (72, 11), (259, 8), (79, 10), (176, 15), (121, 12), (73, 10), (122, 2), (123, 1), (124, 9), (94, 3), (132, 10), (51, 9), (23, 9), (203, 4), (24, 2), (129, 13), (52, 1), (251, 7), (12, 8), (81, 2), (27, 10), (82, 13), (83, 2), (250, 2), (251, 7), (8, 3), (205, 10), (13, 7), (9, 12), (10, 10), (25, 1), (15, 4), (84, 6), (28, 7), (95, 5), (19, 5), (16, 13), (96, 4), (29, 3), (86, 5), (20, 3), (21, 2), (14, 7), (22, 12)]"
17,"[(160, 12), (163, 10), (164, 8), (177, 6), (178, 10), (74, 5), (75, 9), (53, 5), (216, 11), (217, 7), (218, 7), (219, 3), (221, 9), (222, 2), (223, 2), (226, 10), (99, 2), (69, 3), (71, 15), (252, 14), (145, 6), (146, 6), (1, 13), (87, 4), (89, 15), (90, 2), (232, 8), (34, 9), (11, 7), (35, 12), (101, 4), (102, 14), (80, 12), (17, 1), (247, 2), (197, 2), (198, 7), (26, 15), (165, 2), (166, 12), (167, 9), (168, 5), (49, 7), (97, 10), (37, 5), (201, 8), (206, 6), (207, 12), (208, 1), (30, 3), (32, 4), (234, 11), (235, 1), (236, 15), (240, 4), (241, 13), (242, 4), (63, 3), (66, 1), (67, 9), (44, 9), (47, 14), (181, 4), (182, 15), (183, 12), (184, 4), (185, 2), (187, 3), (188, 6), (189, 9), (191, 1), (38, 1), (39, 12), (133, 11), (134, 10), (138, 13), (139, 11), (155, 15), (157, 2), (158, 7), (112, 8), (113, 5), (114, 11), (117, 4), (150, 10), (153, 3), (92, 6), (149, 2), (253, 15), (256, 13), (200, 3), (233, 15), (130, 1), (85, 12), (257, 12), (78, 4), (248, 5), (171, 10), (254, 15), (144, 8), (255, 12), (54, 12), (62, 14), (172, 6), (43, 5), (48, 13), (51, 6), (68, 5), (36, 4), (249, 13), (180, 7), (251, 7), (18, 12), (27, 10), (131, 6), (79, 10), (98, 1), (33, 8), (50, 1), (104, 14), (31, 14), (52, 1), (173, 3), (174, 9), (175, 7), (176, 15), (154, 11), (250, 2), (132, 10), (72, 11), (23, 14), (2, 9), (5, 8), (121, 12), (6, 12), (258, 11), (259, 8), (122, 2), (125, 11), (127, 14), (128, 7), (86, 12), (7, 14), (81, 10), (100, 13), (82, 13), (83, 2), (103, 3), (24, 2), (73, 10), (251, 7), (15, 3), (12, 8), (129, 13), (84, 6), (13, 6), (93, 14), (28, 7), (19, 5), (8, 7), (20, 3), (29, 3), (21, 9), (9, 12), (94, 13), (10, 10), (25, 1), (22, 12), (95, 5), (96, 6), (16, 13), (14, 7)]"
18,"[(232, 8), (80, 12), (101, 4), (108, 13), (74, 5), (75, 9), (112, 7), (113, 2), (115, 7), (116, 2), (117, 4), (234, 11), (243, 8), (244, 14), (245, 6), (246, 14), (11, 4), (63, 3), (64, 6), (65, 2), (181, 4), (192, 3), (69, 3), (70, 13), (150, 10), (153, 12), (1, 5), (145, 6), (147, 8), (148, 1), (252, 14), (32, 7), (133, 10), (140, 9), (142, 15), (143, 1), (44, 9), (47, 14), (53, 5), (17, 1), (26, 15), (165, 2), (166, 12), (167, 9), (168, 5), (177, 6), (178, 10), (38, 11), (40, 6), (41, 7), (42, 2), (197, 2), (199, 11), (37, 7), (35, 12), (30, 3), (99, 2), (97, 10), (92, 1), (87, 14), (91, 12), (49, 7), (201, 13), (213, 1), (34, 9), (160, 15), (161, 13), (162, 5), (247, 8), (216, 11), (227, 6), (228, 10), (229, 6), (230, 4), (231, 14), (155, 14), (157, 12), (158, 7), (31, 14), (149, 2), (193, 10), (130, 2), (110, 8), (18, 1), (233, 15), (248, 5), (36, 4), (27, 10), (144, 8), (43, 5), (195, 13), (196, 14), (171, 1), (172, 6), (98, 14), (68, 8), (100, 13), (154, 11), (85, 13), (6, 12), (78, 15), (7, 14), (51, 9), (180, 7), (200, 3), (173, 3), (33, 8), (2, 9), (3, 8), (50, 6), (174, 9), (52, 1), (54, 12), (56, 8), (57, 1), (175, 7), (176, 15), (79, 3), (249, 13), (194, 14), (196, 14), (23, 15), (253, 11), (254, 15), (256, 13), (257, 12), (93, 14), (255, 12), (48, 13), (258, 11), (86, 5), (259, 8), (24, 2), (109, 6), (250, 3), (131, 5), (132, 10), (72, 11), (94, 13), (73, 10), (25, 1), (121, 13), (122, 2), (125, 7), (126, 7), (128, 7), (8, 3), (19, 4), (9, 12), (28, 6), (95, 5), (129, 13), (96, 6), (251, 14), (10, 10), (29, 3), (81, 10), (12, 8), (82, 13), (83, 2), (84, 6), (15, 3), (16, 13), (13, 7), (14, 7), (20, 13), (21, 2), (22, 12)]"
19,"[(160, 12), (163, 10), (164, 8), (37, 5), (177, 6), (178, 10), (26, 15), (133, 11), (134, 10), (135, 4), (136, 12), (137, 7), (139, 11), (97, 2), (252, 14), (145, 6), (147, 8), (148, 1), (234, 4), (243, 4), (244, 14), (245, 6), (246, 14), (30, 3), (11, 7), (69, 13), (71, 15), (32, 5), (232, 8), (53, 5), (155, 14), (159, 5), (17, 1), (38, 11), (39, 12), (216, 3), (227, 6), (228, 10), (229, 6), (230, 4), (231, 14), (87, 4), (88, 5), (201, 13), (213, 1), (92, 1), (101, 7), (108, 13), (80, 12), (247, 8), (197, 2), (199, 11), (181, 4), (192, 3), (34, 9), (44, 9), (47, 14), (74, 15), (75, 9), (99, 14), (112, 7), (118, 3), (119, 5), (120, 6), (35, 12), (63, 3), (66, 1), (67, 9), (1, 5), (49, 7), (150, 10), (151, 1), (152, 11), (165, 2), (169, 3), (170, 4), (78, 15), (180, 9), (68, 5), (154, 11), (149, 2), (48, 8), (233, 2), (43, 5), (130, 1), (193, 10), (54, 12), (56, 8), (57, 1), (18, 12), (2, 9), (4, 11), (194, 14), (196, 14), (195, 13), (196, 14), (50, 1), (93, 8), (121, 12), (110, 2), (248, 13), (122, 2), (123, 1), (124, 9), (200, 12), (129, 13), (51, 9), (36, 4), (249, 13), (52, 1), (31, 12), (98, 15), (171, 10), (172, 6), (85, 3), (33, 8), (144, 8), (6, 12), (27, 10), (23, 9), (19, 13), (131, 6), (7, 14), (109, 7), (253, 15), (254, 15), (256, 13), (81, 10), (24, 2), (257, 12), (255, 12), (132, 10), (86, 12), (100, 13), (79, 10), (82, 15), (173, 3), (250, 3), (258, 11), (83, 2), (259, 8), (25, 1), (84, 6), (8, 7), (251, 7), (20, 3), (174, 9), (9, 13), (21, 2), (175, 7), (10, 10), (176, 15), (72, 11), (22, 12), (12, 8), (73, 10), (28, 7), (13, 7), (29, 3), (94, 11), (95, 5), (15, 3), (16, 13), (14, 7), (96, 6)]"
20,"[(32, 7), (232, 8), (37, 5), (26, 15), (80, 12), (165, 2), (166, 8), (167, 9), (168, 5), (49, 5), (92, 6), (53, 5), (101, 4), (106, 7), (107, 9), (44, 9), (47, 14), (1, 13), (38, 11), (40, 6), (41, 7), (42, 2), (216, 10), (227, 6), (228, 10), (229, 6), (230, 4), (231, 14), (234, 3), (243, 4), (244, 11), (245, 6), (246, 14), (99, 14), (63, 3), (64, 8), (65, 2), (133, 11), (134, 10), (138, 13), (139, 11), (177, 1), (178, 14), (17, 1), (11, 7), (155, 15), (156, 3), (181, 4), (192, 3), (150, 2), (153, 3), (30, 3), (247, 12), (34, 9), (112, 8), (113, 8), (114, 15), (117, 4), (145, 6), (146, 3), (197, 10), (199, 11), (97, 2), (160, 9), (163, 10), (164, 8), (201, 13), (213, 1), (87, 14), (88, 5), (69, 13), (70, 13), (35, 12), (74, 5), (76, 2), (77, 1), (252, 14), (54, 12), (60, 10), (61, 8), (18, 1), (31, 14), (149, 2), (72, 11), (193, 10), (130, 1), (100, 9), (43, 5), (233, 2), (144, 4), (78, 4), (73, 10), (48, 8), (171, 10), (33, 2), (68, 8), (200, 3), (36, 4), (195, 10), (196, 14), (172, 6), (51, 9), (194, 14), (196, 14), (131, 6), (180, 7), (248, 3), (79, 14), (173, 3), (50, 1), (132, 10), (174, 9), (85, 12), (93, 14), (2, 7), (5, 6), (52, 1), (249, 13), (6, 12), (253, 15), (254, 15), (256, 13), (257, 12), (23, 15), (121, 12), (255, 12), (7, 14), (122, 2), (123, 1), (124, 9), (8, 3), (24, 2), (258, 11), (259, 8), (27, 10), (9, 12), (25, 14), (98, 1), (129, 13), (175, 7), (176, 15), (19, 5), (10, 10), (12, 11), (20, 3), (86, 12), (81, 10), (21, 2), (28, 6), (154, 11), (22, 12), (82, 13), (250, 2), (83, 2), (13, 7), (94, 13), (84, 6), (15, 7), (95, 5), (251, 7), (96, 6), (29, 3), (16, 7), (14, 7)]"
21,"[(201, 8), (202, 1), (35, 12), (155, 15), (157, 12), (158, 7), (34, 9), (32, 7), (133, 11), (134, 10), (135, 4), (136, 12), (137, 7), (139, 11), (197, 10), (199, 11), (17, 5), (145, 6), (147, 8), (148, 1), (30, 3), (232, 9), (165, 2), (166, 12), (167, 9), (168, 5), (216, 4), (227, 6), (228, 10), (229, 6), (230, 4), (231, 14), (26, 15), (53, 5), (112, 7), (113, 5), (115, 7), (116, 2), (117, 4), (181, 4), (182, 15), (183, 12), (184, 4), (185, 2), (187, 3), (188, 6), (190, 5), (191, 1), (87, 14), (91, 12), (97, 2), (160, 9), (161, 13), (162, 5), (38, 11), (40, 6), (41, 7), (42, 2), (11, 7), (37, 7), (101, 4), (102, 14), (252, 14), (74, 13), (76, 2), (77, 1), (92, 6), (234, 3), (235, 3), (236, 15), (240, 4), (241, 13), (242, 4), (247, 8), (80, 8), (1, 13), (69, 3), (70, 6), (63, 8), (64, 6), (65, 2), (49, 7), (150, 2), (153, 3), (44, 9), (47, 14), (177, 1), (179, 12), (99, 14), (204, 14), (98, 1), (200, 3), (100, 13), (144, 8), (171, 1), (149, 2), (72, 11), (121, 12), (18, 12), (73, 10), (31, 14), (172, 6), (50, 1), (130, 2), (180, 7), (2, 9), (3, 8), (253, 15), (254, 15), (255, 12), (78, 4), (233, 15), (248, 5), (256, 13), (122, 9), (125, 11), (126, 8), (128, 7), (54, 12), (58, 1), (59, 6), (129, 13), (36, 4), (68, 5), (257, 12), (173, 3), (6, 12), (51, 3), (174, 9), (7, 14), (33, 6), (52, 1), (79, 14), (154, 11), (175, 11), (48, 8), (176, 15), (93, 14), (27, 10), (258, 5), (12, 11), (131, 6), (251, 7), (259, 8), (43, 5), (28, 7), (85, 12), (29, 3), (104, 2), (103, 6), (15, 2), (19, 14), (13, 7), (23, 14), (132, 10), (86, 12), (203, 14), (20, 3), (8, 1), (24, 2), (249, 13), (94, 13), (9, 13), (21, 9), (16, 13), (205, 10), (14, 7), (25, 1), (10, 10), (95, 5), (96, 6), (81, 10), (82, 13), (83, 2), (84, 6), (250, 3), (251, 7), (22, 12)]"
22,"[(32, 7), (44, 9), (47, 14), (49, 5), (133, 11), (140, 1), (142, 15), (143, 1), (101, 4), (105, 1), (38, 1), (39, 12), (165, 2), (169, 3), (170, 4), (37, 7), (234, 4), (235, 3), (236, 15), (240, 4), (241, 13), (242, 4), (87, 14), (91, 9), (97, 10), (92, 6), (17, 13), (150, 2), (151, 6), (152, 10), (74, 15), (76, 2), (77, 1), (35, 12), (63, 3), (66, 1), (67, 9), (69, 7), (71, 15), (80, 8), (26, 10), (197, 2), (198, 7), (247, 12), (232, 8), (145, 6), (147, 8), (148, 8), (252, 14), (160, 12), (163, 10), (164, 8), (1, 5), (112, 8), (113, 5), (114, 15), (117, 4), (155, 15), (156, 3), (53, 5), (99, 14), (177, 2), (179, 12), (216, 11), (227, 6), (228, 10), (229, 6), (230, 4), (231, 14), (181, 4), (192, 3), (34, 9), (11, 7), (201, 13), (209, 10), (30, 3), (193, 10), (210, 6), (149, 2), (54, 12), (58, 1), (59, 6), (36, 4), (48, 8), (233, 2), (78, 15), (51, 9), (33, 6), (31, 14), (68, 8), (195, 13), (196, 14), (43, 5), (130, 2), (121, 12), (122, 2), (123, 1), (124, 9), (180, 7), (171, 10), (172, 6), (27, 13), (248, 3), (50, 1), (85, 12), (194, 13), (196, 14), (98, 14), (72, 11), (52, 1), (154, 11), (200, 3), (144, 8), (73, 13), (129, 4), (93, 15), (253, 11), (256, 13), (249, 8), (173, 3), (254, 15), (255, 12), (131, 6), (28, 7), (18, 1), (174, 9), (81, 9), (211, 14), (2, 7), (4, 11), (257, 12), (250, 3), (175, 7), (79, 10), (100, 5), (6, 12), (7, 14), (82, 13), (176, 15), (23, 14), (24, 2), (258, 11), (25, 1), (132, 10), (12, 11), (259, 8), (251, 14), (94, 13), (86, 12), (212, 2), (19, 5), (83, 13), (29, 3), (95, 5), (96, 6), (84, 1), (15, 2), (8, 1), (13, 7), (9, 12), (16, 13), (20, 13), (14, 7), (21, 2), (10, 10), (22, 12)]"
23,"[(92, 6), (247, 8), (69, 3), (70, 13), (181, 4), (192, 3), (34, 9), (17, 5), (32, 7), (35, 12), (232, 11), (150, 2), (153, 12), (145, 6), (147, 8), (148, 1), (160, 15), (161, 13), (162, 5), (112, 8), (118, 3), (119, 5), (120, 6), (252, 14), (80, 10), (197, 2), (199, 11), (11, 11), (216, 10), (217, 7), (218, 7), (219, 1), (221, 9), (222, 2), (224, 9), (225, 1), (226, 10), (53, 5), (201, 13), (206, 3), (207, 12), (208, 1), (44, 9), (45, 8), (46, 2), (30, 8), (1, 13), (99, 14), (165, 2), (166, 12), (167, 9), (168, 5), (63, 8), (64, 6), (65, 2), (133, 11), (140, 5), (141, 2), (143, 1), (97, 2), (49, 7), (87, 14), (89, 15), (90, 6), (37, 7), (26, 15), (234, 4), (243, 4), (244, 14), (245, 6), (246, 14), (177, 1), (179, 12), (101, 7), (105, 9), (38, 1), (40, 6), (41, 7), (42, 2), (155, 14), (156, 3), (74, 15), (76, 2), (77, 1), (193, 10), (194, 14), (196, 14), (149, 2), (85, 12), (36, 4), (68, 8), (78, 4), (31, 14), (195, 13), (196, 14), (43, 5), (144, 8), (130, 1), (18, 1), (98, 1), (6, 12), (48, 8), (72, 11), (51, 3), (180, 9), (200, 12), (50, 1), (7, 14), (23, 14), (248, 5), (171, 10), (172, 6), (173, 3), (24, 2), (249, 13), (33, 6), (174, 9), (253, 15), (256, 13), (2, 7), (5, 8), (52, 1), (254, 15), (27, 12), (255, 12), (54, 15), (56, 6), (57, 1), (73, 13), (257, 12), (233, 15), (93, 8), (131, 6), (19, 5), (154, 11), (12, 8), (13, 7), (86, 12), (20, 3), (21, 2), (121, 12), (122, 2), (123, 1), (124, 9), (175, 7), (176, 15), (100, 9), (129, 13), (79, 10), (8, 9), (9, 12), (28, 6), (10, 10), (132, 10), (258, 11), (259, 8), (29, 3), (15, 7), (16, 13), (14, 7), (250, 4), (94, 13), (81, 9), (25, 1), (95, 5), (96, 6), (22, 12), (251, 14), (82, 13), (83, 2), (84, 6)]"
24,"[(160, 12), (163, 10), (164, 8), (145, 6), (147, 5), (148, 1), (201, 8), (206, 6), (207, 12), (208, 1), (44, 9), (45, 8), (46, 2), (150, 2), (153, 3), (181, 4), (182, 15), (183, 12), (186, 13), (187, 3), (188, 6), (189, 9), (191, 1), (252, 14), (38, 11), (40, 6), (41, 7), (42, 2), (101, 7), (111, 15), (11, 11), (80, 12), (165, 2), (166, 12), (167, 9), (168, 5), (74, 5), (75, 9), (99, 14), (112, 7), (118, 3), (119, 5), (120, 6), (17, 13), (234, 3), (243, 4), (244, 14), (245, 6), (246, 14), (53, 5), (49, 7), (197, 10), (198, 7), (177, 1), (178, 10), (37, 5), (133, 11), (134, 10), (135, 4), (136, 12), (137, 7), (139, 11), (30, 3), (32, 4), (63, 3), (64, 6), (65, 2), (87, 15), (91, 12), (34, 9), (92, 1), (232, 9), (247, 2), (35, 12), (216, 13), (227, 6), (228, 10), (229, 6), (230, 4), (231, 14), (1, 5), (69, 3), (70, 13), (97, 2), (155, 15), (159, 5), (26, 15), (149, 2), (6, 12), (68, 5), (100, 9), (31, 12), (48, 8), (180, 7), (98, 1), (27, 10), (154, 11), (18, 1), (33, 2), (200, 3), (2, 9), (4, 11), (43, 4), (36, 4), (130, 2), (78, 4), (15, 4), (253, 11), (256, 13), (254, 15), (255, 12), (7, 14), (131, 6), (72, 3), (250, 3), (93, 8), (144, 8), (54, 12), (62, 14), (248, 13), (73, 10), (257, 4), (121, 12), (122, 2), (123, 1), (124, 9), (51, 6), (79, 10), (85, 12), (233, 15), (132, 1), (258, 11), (50, 1), (52, 1), (23, 14), (86, 12), (19, 5), (259, 8), (171, 10), (172, 6), (20, 3), (129, 13), (12, 8), (249, 13), (21, 9), (173, 3), (174, 5), (13, 7), (94, 13), (24, 2), (175, 11), (28, 7), (25, 1), (95, 5), (176, 15), (96, 6), (22, 12), (250, 3), (8, 7), (81, 9), (251, 7), (16, 13), (29, 3), (9, 12), (10, 10), (14, 2), (82, 13), (83, 2), (84, 1)]"
25,"[(38, 11), (40, 6), (41, 7), (42, 2), (150, 2), (151, 1), (152, 9), (37, 5), (11, 4), (112, 7), (113, 5), (114, 15), (117, 4), (177, 1), (179, 12), (101, 7), (105, 1), (80, 12), (133, 10), (140, 9), (141, 2), (143, 1), (30, 6), (201, 8), (213, 1), (97, 2), (145, 6), (146, 3), (32, 5), (17, 13), (87, 14), (89, 11), (90, 8), (165, 2), (169, 3), (170, 4), (99, 9), (34, 9), (35, 12), (44, 9), (45, 8), (46, 2), (197, 10), (199, 11), (216, 3), (217, 7), (220, 8), (221, 9), (222, 2), (223, 2), (226, 10), (155, 15), (159, 5), (92, 6), (26, 15), (49, 7), (181, 4), (182, 15), (183, 12), (184, 4), (185, 2), (187, 3), (188, 6), (190, 5), (191, 1), (63, 8), (66, 1), (67, 9), (1, 5), (53, 5), (69, 13), (70, 13), (74, 15), (75, 9), (234, 11), (243, 8), (244, 14), (245, 6), (246, 14), (247, 12), (232, 9), (252, 14), (160, 12), (163, 13), (164, 8), (149, 2), (2, 6), (4, 11), (180, 7), (51, 9), (200, 3), (171, 10), (18, 1), (172, 6), (72, 11), (54, 12), (58, 1), (59, 6), (23, 14), (233, 2), (173, 3), (144, 4), (130, 1), (98, 1), (31, 12), (36, 6), (250, 3), (253, 15), (256, 13), (121, 12), (248, 5), (73, 10), (48, 8), (174, 9), (257, 12), (254, 15), (131, 6), (19, 5), (255, 12), (175, 7), (6, 9), (78, 4), (20, 3), (7, 14), (176, 15), (21, 2), (100, 13), (122, 2), (125, 11), (126, 8), (128, 7), (43, 5), (27, 10), (258, 11), (129, 13), (132, 10), (33, 6), (79, 14), (154, 14), (85, 12), (50, 5), (249, 13), (15, 3), (24, 2), (52, 1), (12, 8), (259, 8), (68, 8), (93, 14), (94, 11), (8, 7), (16, 13), (86, 12), (250, 3), (251, 7), (9, 12), (95, 5), (81, 9), (96, 6), (25, 1), (82, 13), (83, 2), (84, 6), (13, 7), (10, 10), (14, 7), (22, 12), (28, 6), (29, 3)]"
26,"[(232, 8), (30, 6), (155, 15), (156, 3), (247, 12), (177, 2), (178, 10), (216, 11), (217, 7), (218, 7), (219, 3), (221, 9), (222, 2), (224, 9), (225, 1), (226, 10), (112, 7), (113, 5), (114, 15), (117, 4), (92, 1), (165, 2), (166, 12), (167, 9), (168, 5), (26, 15), (252, 14), (38, 1), (39, 12), (234, 4), (243, 4), (244, 14), (245, 6), (246, 14), (197, 10), (199, 11), (17, 5), (97, 10), (53, 5), (1, 13), (32, 7), (63, 3), (66, 1), (67, 9), (74, 5), (76, 2), (77, 1), (69, 13), (71, 15), (181, 4), (182, 15), (183, 12), (186, 13), (187, 3), (188, 6), (190, 5), (191, 1), (145, 6), (147, 8), (148, 1), (99, 9), (87, 14), (88, 5), (80, 12), (160, 9), (163, 10), (164, 8), (150, 10), (151, 6), (152, 9), (44, 9), (45, 8), (46, 2), (37, 7), (35, 12), (101, 7), (105, 9), (133, 11), (140, 9), (142, 15), (143, 1), (34, 9), (11, 11), (201, 8), (202, 8), (49, 7), (68, 5), (233, 2), (149, 2), (54, 12), (56, 8), (57, 1), (27, 12), (6, 12), (171, 1), (98, 1), (7, 14), (172, 6), (173, 3), (18, 1), (204, 15), (203, 14), (130, 1), (144, 8), (31, 14), (43, 4), (174, 9), (23, 15), (36, 4), (200, 3), (33, 6), (48, 13), (51, 9), (24, 2), (154, 11), (180, 9), (78, 4), (175, 7), (253, 15), (176, 15), (256, 13), (79, 10), (254, 15), (131, 6), (72, 11), (100, 13), (132, 10), (73, 10), (15, 2), (248, 3), (205, 10), (85, 12), (121, 6), (255, 12), (122, 2), (123, 1), (124, 9), (50, 6), (249, 13), (2, 6), (3, 8), (12, 11), (257, 12), (258, 11), (259, 8), (52, 12), (16, 13), (93, 14), (13, 7), (129, 13), (8, 3), (9, 13), (25, 1), (10, 10), (28, 7), (94, 11), (86, 12), (14, 7), (19, 5), (20, 3), (250, 3), (95, 5), (96, 6), (251, 7), (81, 9), (21, 2), (22, 9), (82, 14), (29, 3), (83, 2), (84, 6)]"
27,"[(53, 5), (133, 11), (140, 9), (141, 2), (143, 1), (80, 12), (35, 12), (1, 13), (63, 3), (64, 6), (65, 2), (160, 9), (161, 13), (162, 5), (32, 7), (177, 1), (179, 12), (17, 6), (99, 2), (92, 1), (74, 15), (75, 3), (155, 14), (159, 5), (150, 10), (151, 6), (152, 9), (101, 4), (102, 14), (49, 7), (247, 8), (165, 2), (166, 8), (167, 9), (168, 5), (232, 8), (145, 6), (146, 3), (234, 4), (235, 15), (236, 15), (240, 4), (241, 13), (242, 4), (216, 10), (217, 7), (220, 8), (221, 9), (222, 2), (224, 9), (225, 1), (226, 10), (87, 14), (91, 12), (37, 5), (26, 10), (34, 9), (69, 7), (70, 6), (44, 9), (47, 14), (38, 11), (40, 6), (41, 7), (42, 2), (181, 4), (182, 15), (183, 12), (186, 13), (187, 3), (188, 6), (189, 9), (191, 1), (197, 2), (199, 11), (30, 3), (97, 10), (252, 14), (112, 8), (113, 5), (115, 7), (116, 2), (117, 4), (11, 11), (201, 8), (209, 10), (149, 2), (48, 8), (144, 8), (2, 9), (3, 8), (180, 7), (130, 1), (104, 14), (54, 12), (56, 8), (57, 1), (93, 14), (27, 10), (200, 12), (33, 6), (72, 11), (253, 15), (256, 13), (78, 15), (254, 15), (255, 12), (257, 12), (23, 14), (171, 10), (100, 5), (172, 6), (31, 14), (18, 1), (103, 3), (251, 7), (36, 6), (51, 3), (173, 3), (211, 7), (131, 5), (68, 8), (85, 13), (43, 5), (132, 10), (233, 15), (73, 10), (258, 11), (174, 9), (175, 7), (259, 8), (176, 15), (210, 6), (12, 11), (50, 5), (24, 2), (13, 7), (79, 14), (25, 14), (248, 5), (81, 2), (52, 1), (82, 13), (212, 2), (83, 2), (6, 12), (121, 6), (98, 1), (84, 6), (19, 5), (154, 11), (122, 9), (123, 1), (124, 9), (7, 14), (15, 2), (249, 13), (20, 3), (21, 2), (250, 4), (86, 9), (129, 13), (16, 13), (94, 13), (14, 7), (22, 12), (251, 14), (28, 7), (29, 3), (8, 1), (95, 5), (9, 12), (96, 6), (10, 10)]"
28,"[(35, 12), (101, 4), (108, 13), (34, 9), (150, 2), (151, 1), (152, 9), (112, 7), (118, 3), (119, 5), (120, 6), (26, 15), (38, 11), (40, 6), (41, 7), (42, 2), (97, 10), (63, 3), (66, 1), (67, 9), (69, 7), (71, 15), (32, 4), (80, 8), (44, 9), (47, 14), (252, 14), (247, 12), (37, 5), (92, 1), (30, 6), (17, 13), (87, 14), (89, 11), (90, 2), (11, 11), (181, 4), (192, 3), (133, 10), (140, 5), (141, 12), (143, 1), (160, 12), (161, 13), (162, 5), (216, 3), (227, 6), (228, 10), (229, 6), (230, 4), (231, 14), (234, 11), (235, 3), (236, 15), (240, 4), (241, 13), (242, 4), (49, 7), (53, 5), (145, 6), (146, 6), (165, 2), (166, 12), (167, 9), (168, 5), (197, 2), (199, 11), (232, 9), (74, 15), (76, 2), (77, 1), (155, 14), (156, 13), (1, 5), (177, 1), (178, 10), (201, 8), (206, 6), (207, 12), (208, 1), (99, 9), (48, 8), (180, 7), (193, 10), (72, 11), (149, 2), (233, 15), (110, 8), (171, 10), (2, 9), (5, 8), (130, 2), (253, 15), (256, 13), (254, 15), (54, 12), (56, 6), (57, 1), (172, 6), (68, 8), (257, 12), (43, 4), (173, 3), (73, 10), (200, 3), (78, 15), (18, 12), (248, 5), (33, 2), (255, 12), (36, 4), (79, 10), (194, 14), (196, 14), (27, 12), (195, 13), (196, 14), (249, 13), (6, 12), (98, 14), (144, 8), (258, 11), (131, 6), (7, 14), (251, 14), (31, 14), (259, 8), (132, 10), (109, 7), (154, 11), (23, 15), (15, 2), (100, 5), (24, 2), (121, 13), (85, 13), (122, 9), (125, 7), (126, 7), (128, 7), (174, 5), (86, 12), (175, 11), (176, 15), (81, 10), (82, 13), (83, 2), (129, 4), (25, 1), (84, 6), (250, 3), (251, 3), (16, 13), (50, 1), (93, 14), (12, 11), (51, 9), (13, 7), (52, 1), (94, 13), (14, 7), (8, 7), (9, 12), (19, 5), (10, 10), (20, 12), (28, 6), (21, 2), (95, 5), (96, 6), (29, 3), (22, 12)]"
29,"[(34, 9), (80, 12), (44, 9), (47, 14), (112, 7), (118, 3), (119, 5), (120, 6), (53, 5), (232, 8), (92, 6), (38, 11), (39, 13), (155, 15), (156, 3), (177, 2), (179, 12), (32, 4), (1, 5), (87, 14), (91, 12), (37, 7), (165, 2), (169, 3), (170, 4), (181, 4), (192, 3), (11, 11), (150, 10), (151, 1), (152, 10), (247, 8), (63, 3), (64, 6), (65, 2), (252, 14), (234, 4), (243, 4), (244, 14), (245, 6), (246, 14), (133, 10), (134, 10), (135, 4), (136, 12), (137, 7), (139, 11), (26, 15), (35, 12), (145, 6), (147, 8), (148, 1), (216, 11), (227, 6), (228, 10), (229, 6), (230, 4), (231, 14), (17, 1), (101, 7), (108, 13), (201, 8), (202, 1), (160, 12), (161, 13), (162, 5), (74, 13), (76, 2), (77, 1), (69, 7), (70, 13), (49, 5), (97, 2), (30, 8), (197, 2), (199, 11), (99, 14), (149, 2), (121, 12), (233, 15), (193, 10), (12, 8), (194, 14), (196, 14), (18, 1), (253, 15), (254, 15), (48, 8), (256, 13), (144, 8), (195, 13), (196, 14), (248, 3), (255, 12), (43, 5), (2, 9), (4, 11), (171, 10), (249, 13), (54, 12), (60, 10), (61, 8), (31, 14), (78, 4), (172, 6), (154, 14), (173, 3), (36, 4), (200, 12), (110, 8), (130, 1), (174, 9), (180, 9), (50, 1), (68, 5), (175, 7), (79, 10), (176, 15), (19, 5), (100, 13), (257, 12), (258, 11), (259, 8), (51, 9), (98, 1), (52, 1), (81, 9), (109, 6), (122, 2), (123, 1), (124, 9), (250, 3), (204, 15), (33, 6), (93, 14), (129, 13), (94, 13), (203, 6), (131, 5), (72, 11), (82, 13), (73, 10), (83, 2), (84, 6), (132, 10), (23, 15), (8, 7), (15, 3), (251, 14), (24, 2), (85, 12), (6, 6), (7, 14), (205, 7), (9, 12), (16, 13), (20, 3), (27, 13), (25, 1), (10, 4), (86, 12), (95, 5), (21, 2), (96, 4), (28, 7), (29, 3), (13, 7), (14, 7), (22, 12)]"
30,"[(69, 3), (71, 15), (37, 5), (216, 11), (217, 7), (218, 7), (219, 3), (221, 9), (222, 2), (223, 2), (226, 10), (63, 8), (64, 6), (65, 2), (34, 9), (160, 12), (161, 13), (162, 5), (247, 2), (99, 14), (35, 12), (87, 4), (91, 9), (232, 8), (201, 8), (214, 13), (215, 8), (133, 10), (134, 10), (138, 13), (139, 11), (26, 15), (197, 10), (199, 11), (74, 5), (76, 2), (77, 1), (234, 4), (235, 1), (236, 15), (237, 14), (238, 12), (239, 12), (242, 4), (53, 5), (17, 6), (49, 7), (92, 1), (80, 12), (145, 6), (146, 3), (1, 13), (252, 14), (97, 10), (32, 7), (101, 7), (106, 7), (107, 9), (150, 2), (153, 3), (181, 4), (192, 3), (165, 2), (169, 3), (170, 4), (177, 1), (178, 10), (112, 8), (113, 5), (115, 7), (116, 2), (117, 4), (11, 11), (44, 9), (47, 14), (38, 11), (39, 12), (155, 14), (157, 12), (158, 7), (30, 3), (144, 8), (43, 5), (48, 8), (36, 4), (200, 3), (149, 2), (33, 6), (171, 10), (172, 6), (23, 14), (193, 10), (194, 14), (196, 14), (121, 12), (6, 6), (253, 15), (122, 2), (125, 11), (126, 8), (128, 7), (130, 1), (248, 5), (233, 15), (256, 13), (8, 9), (100, 5), (31, 14), (254, 15), (255, 12), (68, 8), (7, 12), (2, 7), (4, 11), (54, 12), (62, 14), (18, 12), (257, 4), (85, 13), (51, 9), (78, 4), (195, 13), (196, 14), (50, 6), (131, 5), (52, 1), (9, 13), (132, 10), (173, 3), (174, 9), (98, 1), (72, 11), (73, 10), (15, 2), (258, 11), (259, 8), (79, 10), (175, 7), (154, 11), (180, 9), (81, 10), (129, 13), (93, 5), (86, 9), (10, 13), (251, 14), (176, 15), (12, 11), (13, 7), (82, 13), (27, 10), (249, 13), (83, 2), (28, 7), (250, 3), (29, 3), (94, 13), (84, 6), (24, 2), (25, 1), (95, 5), (251, 7), (19, 5), (16, 13), (96, 6), (14, 2), (20, 3), (21, 2), (22, 12)]"
31,"[(234, 4), (235, 3), (236, 15), (237, 14), (238, 13), (239, 11), (242, 4), (44, 9), (47, 14), (38, 11), (40, 6), (41, 7), (42, 2), (97, 10), (177, 6), (178, 10), (101, 7), (105, 1), (35, 12), (34, 9), (26, 15), (160, 12), (161, 13), (162, 5), (165, 2), (169, 3), (170, 4), (11, 11), (155, 14), (156, 3), (99, 2), (1, 5), (37, 7), (216, 10), (227, 6), (228, 10), (229, 6), (230, 4), (231, 14), (232, 8), (181, 4), (192, 3), (17, 1), (49, 7), (32, 5), (80, 12), (63, 3), (66, 1), (67, 9), (133, 11), (134, 10), (138, 13), (139, 11), (145, 6), (147, 8), (148, 1), (150, 2), (151, 1), (152, 11), (74, 13), (75, 9), (87, 14), (88, 5), (252, 14), (247, 8), (92, 6), (197, 2), (198, 7), (69, 3), (70, 13), (53, 5), (30, 3), (201, 13), (209, 10), (112, 8), (113, 5), (115, 7), (116, 2), (117, 4), (180, 7), (2, 9), (5, 8), (253, 15), (68, 5), (195, 10), (196, 14), (193, 10), (130, 2), (78, 15), (144, 8), (194, 14), (196, 14), (171, 10), (48, 8), (149, 2), (154, 11), (256, 13), (172, 6), (210, 6), (43, 5), (31, 14), (54, 12), (58, 1), (59, 6), (254, 15), (72, 11), (211, 7), (173, 3), (6, 12), (93, 14), (27, 10), (255, 12), (36, 4), (7, 14), (73, 13), (233, 2), (51, 9), (174, 9), (79, 3), (257, 4), (18, 1), (258, 11), (50, 5), (200, 3), (251, 14), (15, 2), (175, 7), (212, 2), (259, 8), (12, 11), (248, 5), (13, 7), (16, 13), (121, 12), (176, 15), (33, 6), (23, 14), (14, 7), (131, 6), (132, 10), (100, 13), (85, 12), (98, 1), (24, 2), (122, 2), (123, 1), (124, 9), (52, 1), (8, 6), (249, 13), (9, 12), (129, 13), (25, 1), (10, 10), (94, 13), (86, 12), (95, 5), (250, 2), (251, 7), (96, 6), (28, 13), (81, 8), (19, 5), (82, 14), (83, 2), (84, 6), (29, 3), (20, 13), (21, 2), (22, 12)]"
32,"[(145, 6), (146, 3), (26, 15), (99, 2), (160, 12), (161, 13), (162, 5), (177, 1), (179, 12), (201, 8), (202, 8), (80, 10), (35, 12), (216, 11), (217, 7), (220, 8), (221, 9), (222, 2), (223, 2), (226, 10), (232, 9), (30, 3), (17, 5), (53, 5), (247, 2), (38, 1), (39, 13), (181, 4), (192, 3), (69, 7), (70, 13), (63, 3), (66, 1), (67, 9), (49, 7), (197, 2), (198, 7), (150, 10), (153, 3), (234, 11), (235, 15), (236, 15), (237, 14), (238, 13), (239, 11), (242, 4), (32, 7), (11, 4), (37, 7), (92, 6), (112, 8), (113, 8), (115, 7), (116, 2), (117, 4), (34, 9), (97, 10), (252, 14), (133, 11), (140, 9), (142, 15), (143, 1), (87, 14), (88, 5), (44, 9), (45, 8), (46, 2), (101, 4), (106, 7), (107, 9), (165, 2), (169, 3), (170, 4), (74, 5), (76, 2), (77, 1), (155, 14), (159, 1), (1, 5), (36, 4), (43, 4), (130, 1), (180, 9), (149, 2), (68, 8), (48, 8), (233, 15), (27, 12), (131, 6), (204, 15), (193, 10), (33, 6), (23, 14), (18, 1), (253, 15), (195, 10), (196, 14), (98, 14), (31, 14), (171, 10), (254, 15), (6, 12), (72, 3), (172, 6), (73, 13), (256, 13), (255, 12), (144, 8), (194, 14), (196, 14), (251, 7), (154, 11), (78, 15), (54, 12), (58, 1), (59, 3), (50, 6), (7, 12), (85, 12), (132, 10), (93, 14), (51, 3), (2, 9), (3, 8), (19, 5), (173, 3), (174, 9), (12, 11), (200, 12), (175, 7), (176, 15), (52, 1), (121, 12), (248, 13), (257, 12), (122, 2), (123, 1), (124, 9), (203, 6), (86, 5), (249, 13), (79, 3), (258, 11), (259, 8), (24, 4), (94, 13), (28, 6), (100, 9), (129, 13), (205, 10), (8, 7), (9, 12), (250, 3), (251, 14), (15, 4), (10, 10), (81, 8), (25, 1), (13, 6), (82, 13), (20, 3), (16, 13), (21, 2), (95, 5), (29, 3), (14, 7), (83, 2), (96, 6), (22, 12), (84, 6)]"
33,"[(197, 10), (199, 11), (181, 4), (182, 15), (183, 12), (184, 4), (185, 2), (187, 3), (188, 6), (189, 9), (191, 1), (1, 5), (17, 6), (69, 3), (71, 15), (160, 12), (163, 10), (164, 8), (165, 2), (166, 12), (167, 9), (168, 5), (252, 14), (53, 5), (234, 11), (235, 3), (236, 15), (237, 14), (238, 13), (239, 11), (242, 4), (44, 9), (47, 14), (32, 7), (87, 15), (88, 5), (30, 8), (74, 13), (75, 9), (112, 7), (113, 2), (115, 7), (116, 2), (117, 4), (26, 10), (216, 13), (217, 7), (218, 7), (219, 3), (221, 9), (222, 2), (223, 2), (226, 10), (201, 8), (209, 10), (99, 14), (34, 9), (247, 12), (177, 1), (178, 10), (92, 1), (101, 7), (102, 14), (80, 12), (232, 8), (150, 2), (151, 1), (152, 9), (63, 3), (66, 1), (67, 9), (49, 7), (35, 12), (37, 5), (133, 11), (134, 10), (138, 13), (139, 11), (11, 4), (97, 2), (38, 1), (40, 6), (41, 7), (42, 2), (155, 15), (159, 1), (145, 6), (147, 8), (148, 1), (149, 2), (98, 1), (210, 6), (23, 9), (18, 1), (211, 7), (43, 5), (171, 1), (180, 9), (68, 8), (78, 15), (233, 2), (172, 6), (200, 3), (31, 14), (27, 12), (48, 8), (253, 15), (54, 12), (55, 6), (254, 15), (255, 12), (256, 13), (36, 4), (51, 9), (104, 14), (85, 3), (154, 11), (100, 13), (144, 8), (93, 8), (212, 15), (173, 3), (121, 12), (72, 11), (122, 2), (123, 1), (124, 9), (257, 12), (81, 10), (130, 2), (94, 13), (103, 6), (73, 10), (2, 9), (3, 8), (248, 5), (50, 1), (24, 2), (33, 6), (19, 5), (129, 13), (52, 1), (174, 9), (131, 6), (82, 14), (175, 7), (83, 13), (176, 15), (79, 14), (249, 4), (6, 6), (7, 14), (258, 11), (250, 3), (84, 6), (259, 8), (132, 10), (12, 11), (95, 5), (8, 1), (9, 12), (10, 10), (25, 14), (86, 5), (251, 7), (96, 6), (13, 14), (15, 4), (16, 13), (20, 7), (14, 2), (21, 2), (28, 7), (29, 3), (22, 12)]"
34,"[(87, 14), (89, 11), (90, 2), (112, 7), (118, 3), (119, 5), (120, 6), (74, 5), (75, 9), (252, 9), (35, 12), (80, 8), (201, 13), (206, 3), (207, 12), (208, 1), (32, 4), (155, 15), (157, 12), (158, 7), (133, 10), (140, 9), (142, 15), (143, 1), (1, 13), (69, 7), (71, 15), (99, 2), (160, 9), (161, 13), (162, 5), (165, 2), (166, 8), (167, 9), (168, 5), (247, 12), (63, 3), (64, 6), (65, 2), (53, 5), (11, 4), (30, 6), (197, 10), (199, 11), (177, 1), (179, 12), (145, 6), (146, 3), (97, 2), (26, 15), (101, 4), (111, 15), (37, 7), (49, 5), (17, 1), (92, 6), (44, 9), (47, 14), (38, 11), (39, 12), (150, 10), (153, 3), (216, 4), (227, 4), (228, 10), (229, 6), (230, 4), (231, 14), (181, 4), (192, 3), (234, 11), (243, 8), (244, 11), (245, 6), (246, 10), (34, 9), (232, 8), (253, 11), (233, 2), (193, 10), (33, 6), (171, 10), (54, 12), (58, 1), (59, 6), (254, 15), (149, 2), (36, 4), (194, 14), (196, 14), (51, 9), (255, 12), (154, 14), (43, 5), (48, 8), (68, 8), (130, 2), (144, 8), (31, 14), (256, 13), (85, 12), (81, 8), (257, 4), (100, 13), (258, 11), (172, 6), (180, 7), (18, 1), (259, 8), (98, 1), (6, 12), (200, 3), (72, 15), (2, 7), (4, 11), (82, 13), (23, 9), (195, 13), (196, 14), (73, 10), (83, 2), (27, 10), (7, 14), (8, 3), (50, 1), (24, 2), (9, 12), (131, 6), (84, 6), (86, 5), (121, 12), (15, 2), (78, 15), (10, 10), (173, 3), (174, 9), (52, 1), (175, 7), (28, 6), (132, 1), (122, 2), (123, 1), (124, 9), (25, 13), (248, 13), (249, 13), (176, 15), (79, 3), (129, 13), (19, 14), (250, 3), (29, 8), (12, 15), (251, 7), (13, 7), (93, 5), (94, 11), (20, 3), (16, 13), (14, 7), (21, 2), (95, 5), (22, 12), (96, 6)]"
35,"[(181, 4), (192, 3), (35, 12), (101, 7), (102, 14), (232, 8), (92, 6), (197, 10), (198, 7), (17, 5), (112, 7), (113, 5), (115, 7), (116, 2), (117, 4), (133, 11), (140, 9), (141, 2), (143, 1), (165, 2), (166, 12), (167, 9), (168, 5), (38, 1), (40, 6), (41, 7), (42, 2), (1, 13), (150, 2), (151, 1), (152, 9), (252, 14), (216, 3), (227, 6), (228, 10), (229, 6), (230, 4), (231, 14), (87, 15), (91, 12), (32, 4), (201, 8), (202, 1), (80, 12), (63, 8), (66, 1), (67, 9), (160, 9), (161, 13), (162, 5), (247, 2), (177, 6), (179, 12), (69, 13), (71, 15), (74, 15), (76, 2), (77, 1), (155, 14), (157, 12), (158, 7), (37, 5), (26, 10), (145, 6), (147, 8), (148, 1), (30, 8), (53, 5), (97, 10), (234, 11), (235, 15), (236, 15), (237, 14), (238, 13), (239, 11), (242, 4), (34, 9), (49, 7), (99, 14), (11, 11), (44, 9), (47, 14), (43, 5), (78, 4), (18, 1), (149, 2), (193, 10), (195, 13), (196, 14), (104, 2), (85, 3), (51, 9), (130, 1), (204, 15), (194, 13), (196, 14), (48, 8), (54, 12), (56, 8), (57, 1), (31, 12), (253, 15), (36, 4), (100, 13), (121, 13), (171, 10), (256, 13), (2, 6), (3, 8), (180, 9), (98, 1), (27, 10), (254, 15), (172, 6), (233, 2), (122, 2), (125, 11), (127, 14), (128, 7), (50, 1), (52, 1), (257, 12), (154, 11), (79, 10), (255, 12), (23, 14), (173, 3), (129, 13), (68, 5), (33, 6), (131, 6), (144, 8), (28, 7), (29, 3), (72, 11), (6, 12), (174, 9), (73, 10), (258, 11), (93, 8), (259, 8), (15, 2), (251, 7), (200, 3), (7, 14), (86, 12), (81, 2), (82, 14), (83, 2), (16, 13), (248, 13), (249, 13), (175, 7), (176, 15), (84, 6), (132, 10), (24, 2), (8, 1), (19, 5), (9, 12), (94, 13), (10, 10), (203, 15), (25, 1), (103, 6), (205, 10), (250, 3), (20, 3), (21, 2), (251, 7), (95, 5), (12, 11), (96, 4), (22, 12), (13, 7), (14, 7)]"
36,"[(32, 7), (101, 4), (105, 1), (177, 6), (178, 10), (201, 8), (214, 13), (215, 8), (80, 12), (74, 5), (75, 9), (160, 9), (163, 10), (164, 8), (165, 2), (166, 12), (167, 9), (168, 5), (181, 4), (192, 3), (63, 3), (66, 1), (67, 9), (216, 11), (227, 6), (228, 12), (229, 6), (230, 4), (231, 14), (34, 9), (150, 10), (153, 3), (247, 8), (11, 7), (26, 15), (35, 12), (252, 14), (92, 1), (112, 7), (113, 5), (114, 15), (117, 4), (30, 3), (97, 2), (38, 11), (39, 13), (155, 14), (156, 3), (145, 6), (147, 8), (148, 1), (37, 5), (17, 1), (99, 9), (44, 9), (47, 14), (49, 7), (69, 13), (70, 13), (133, 11), (140, 9), (141, 2), (143, 1), (53, 5), (87, 14), (91, 12), (232, 8), (1, 5), (197, 10), (199, 11), (234, 3), (243, 4), (244, 11), (245, 6), (246, 14), (253, 15), (171, 10), (254, 15), (172, 6), (43, 5), (195, 10), (196, 14), (149, 2), (31, 14), (255, 12), (100, 13), (54, 12), (60, 10), (61, 8), (256, 13), (36, 4), (180, 7), (257, 12), (193, 10), (27, 12), (50, 1), (6, 9), (48, 8), (72, 11), (78, 15), (233, 15), (18, 1), (79, 10), (194, 14), (196, 14), (85, 3), (68, 8), (23, 9), (154, 6), (7, 12), (73, 10), (2, 7), (4, 11), (248, 3), (130, 2), (98, 14), (144, 8), (81, 2), (200, 3), (33, 6), (82, 13), (121, 12), (173, 3), (249, 13), (131, 6), (132, 10), (83, 2), (51, 6), (258, 11), (122, 2), (123, 1), (124, 9), (259, 8), (15, 4), (174, 9), (84, 6), (12, 15), (175, 7), (250, 3), (93, 14), (251, 7), (8, 1), (129, 13), (24, 2), (9, 12), (13, 7), (10, 10), (176, 15), (52, 1), (28, 13), (29, 3), (94, 11), (19, 5), (25, 14), (95, 5), (86, 5), (20, 7), (21, 2), (22, 12), (16, 13), (96, 6), (14, 7)]"
37,"[(177, 6), (178, 10), (69, 3), (70, 13), (87, 14), (91, 12), (53, 5), (232, 8), (155, 15), (156, 13), (234, 4), (243, 4), (244, 14), (245, 6), (246, 14), (133, 11), (134, 10), (138, 13), (139, 11), (74, 15), (75, 9), (1, 5), (216, 11), (227, 6), (228, 10), (229, 6), (230, 4), (231, 14), (160, 12), (161, 6), (162, 5), (63, 8), (64, 6), (65, 2), (252, 9), (38, 1), (40, 6), (41, 7), (42, 2), (80, 12), (97, 2), (150, 10), (153, 3), (49, 7), (92, 1), (11, 7), (197, 2), (199, 11), (201, 8), (213, 1), (37, 5), (32, 4), (247, 8), (34, 9), (112, 8), (113, 5), (114, 15), (117, 4), (17, 5), (145, 6), (147, 8), (148, 1), (165, 2), (166, 12), (167, 9), (168, 5), (181, 4), (182, 15), (183, 12), (184, 4), (185, 2), (187, 3), (188, 6), (190, 5), (191, 1), (101, 7), (105, 1), (26, 15), (99, 14), (35, 12), (44, 9), (45, 8), (46, 2), (30, 3), (154, 11), (6, 12), (78, 15), (27, 10), (36, 4), (149, 2), (54, 12), (60, 10), (61, 8), (253, 15), (254, 15), (144, 8), (171, 10), (172, 6), (48, 8), (256, 13), (255, 12), (43, 5), (68, 8), (51, 9), (8, 3), (200, 3), (233, 2), (173, 3), (9, 13), (10, 10), (180, 7), (257, 4), (98, 1), (130, 1), (18, 12), (31, 14), (174, 9), (175, 7), (12, 8), (7, 14), (50, 6), (79, 3), (52, 1), (176, 15), (85, 3), (72, 11), (33, 6), (73, 13), (93, 8), (2, 9), (5, 8), (100, 13), (23, 14), (248, 13), (86, 12), (258, 11), (259, 8), (121, 12), (81, 10), (131, 6), (13, 1), (122, 2), (123, 1), (124, 9), (94, 13), (82, 13), (129, 13), (132, 10), (249, 13), (83, 13), (84, 6), (250, 3), (24, 2), (15, 2), (28, 7), (25, 14), (251, 7), (16, 13), (19, 5), (20, 3), (21, 2), (22, 12), (29, 3), (95, 5), (14, 2), (96, 6)]"
38,"[(177, 6), (178, 10), (35, 12), (63, 3), (66, 1), (67, 9), (197, 2), (199, 11), (101, 4), (108, 13), (26, 15), (97, 10), (32, 7), (30, 3), (34, 9), (37, 5), (17, 5), (69, 7), (71, 15), (216, 4), (217, 5), (220, 8), (221, 9), (222, 2), (224, 9), (225, 1), (226, 10), (53, 5), (150, 10), (151, 1), (152, 9), (49, 7), (92, 6), (232, 8), (201, 8), (206, 6), (207, 12), (208, 1), (99, 14), (155, 14), (157, 12), (158, 7), (44, 9), (45, 8), (46, 2), (247, 12), (165, 2), (166, 12), (167, 9), (168, 5), (145, 6), (146, 3), (234, 11), (243, 4), (244, 14), (245, 13), (246, 14), (74, 13), (76, 2), (77, 1), (38, 1), (39, 12), (133, 11), (140, 5), (142, 15), (143, 1), (80, 8), (11, 11), (181, 4), (182, 15), (183, 12), (186, 13), (187, 3), (188, 6), (189, 9), (191, 1), (252, 14), (1, 13), (87, 14), (91, 12), (112, 8), (113, 5), (114, 11), (117, 4), (160, 12), (161, 13), (162, 5), (109, 4), (48, 8), (149, 2), (98, 1), (233, 15), (144, 8), (54, 12), (62, 14), (180, 9), (100, 13), (31, 12), (36, 4), (43, 5), (110, 2), (72, 3), (73, 10), (6, 12), (171, 10), (172, 6), (250, 4), (253, 15), (130, 2), (18, 1), (254, 15), (255, 12), (7, 14), (68, 8), (51, 3), (131, 6), (200, 12), (15, 2), (256, 13), (12, 11), (78, 4), (8, 7), (173, 3), (174, 9), (33, 6), (81, 9), (79, 3), (257, 12), (19, 5), (27, 10), (251, 7), (258, 11), (82, 13), (259, 8), (121, 12), (85, 3), (83, 2), (122, 9), (123, 1), (124, 9), (9, 13), (50, 1), (13, 7), (248, 5), (2, 6), (3, 3), (129, 13), (84, 6), (93, 14), (23, 9), (52, 1), (175, 7), (132, 10), (24, 2), (94, 13), (176, 15), (154, 11), (249, 13), (86, 12), (28, 7), (10, 10), (95, 5), (20, 4), (96, 6), (25, 1), (21, 2), (16, 13), (14, 7), (29, 15), (250, 3), (22, 12)]"
39,"[(97, 10), (234, 4), (243, 4), (244, 14), (245, 6), (246, 14), (87, 14), (88, 5), (1, 5), (49, 7), (38, 11), (40, 6), (41, 7), (42, 2), (44, 9), (47, 14), (11, 11), (17, 13), (232, 8), (155, 15), (157, 12), (158, 8), (201, 3), (209, 10), (32, 7), (133, 10), (140, 9), (142, 15), (143, 1), (92, 1), (37, 5), (252, 14), (30, 6), (99, 2), (80, 12), (177, 2), (178, 10), (197, 2), (199, 11), (247, 12), (150, 2), (153, 3), (63, 3), (66, 1), (67, 9), (160, 15), (161, 13), (162, 8), (101, 4), (111, 15), (26, 10), (181, 4), (192, 3), (112, 8), (113, 5), (115, 7), (116, 2), (117, 4), (69, 3), (70, 13), (53, 5), (165, 2), (166, 12), (167, 9), (168, 5), (34, 9), (74, 13), (75, 9), (145, 6), (146, 3), (35, 12), (216, 11), (217, 7), (218, 7), (219, 3), (221, 9), (222, 2), (223, 2), (226, 10), (171, 10), (48, 8), (180, 7), (172, 6), (36, 4), (6, 12), (78, 4), (68, 5), (193, 10), (200, 3), (43, 4), (98, 1), (33, 6), (149, 2), (27, 10), (210, 6), (233, 2), (144, 8), (121, 12), (253, 15), (254, 15), (100, 9), (248, 5), (122, 9), (123, 1), (124, 9), (255, 12), (54, 12), (56, 8), (57, 1), (256, 13), (18, 12), (194, 14), (196, 14), (72, 11), (257, 12), (73, 13), (28, 7), (195, 10), (196, 14), (50, 1), (7, 14), (211, 7), (31, 12), (154, 11), (173, 3), (258, 11), (130, 2), (259, 8), (2, 9), (4, 11), (212, 2), (250, 7), (15, 3), (174, 9), (93, 14), (94, 13), (16, 13), (175, 11), (85, 12), (176, 15), (249, 13), (51, 9), (52, 1), (79, 10), (29, 3), (12, 8), (8, 1), (131, 6), (19, 5), (132, 10), (86, 12), (9, 12), (129, 13), (23, 9), (251, 7), (10, 10), (24, 2), (81, 8), (82, 13), (83, 2), (25, 1), (84, 6), (20, 3), (21, 2), (22, 12), (250, 3), (13, 7), (95, 5), (96, 6), (14, 7)]"
40,"[(49, 7), (1, 5), (37, 5), (34, 9), (232, 8), (133, 11), (134, 10), (135, 4), (136, 12), (137, 7), (139, 11), (181, 4), (192, 3), (63, 3), (64, 6), (65, 2), (38, 1), (39, 12), (150, 2), (151, 1), (152, 9), (35, 12), (234, 3), (243, 4), (244, 14), (245, 6), (246, 14), (53, 5), (97, 10), (160, 12), (161, 13), (162, 5), (87, 14), (89, 11), (90, 2), (216, 13), (217, 7), (218, 7), (219, 3), (221, 9), (222, 2), (223, 2), (226, 10), (69, 3), (71, 15), (32, 7), (17, 6), (145, 6), (146, 3), (99, 2), (101, 4), (111, 15), (112, 8), (118, 3), (119, 5), (120, 6), (197, 2), (198, 7), (92, 1), (252, 14), (80, 8), (155, 15), (159, 5), (26, 15), (74, 13), (75, 9), (165, 2), (169, 3), (170, 4), (201, 8), (202, 1), (177, 6), (179, 12), (11, 11), (44, 9), (47, 14), (30, 8), (247, 10), (180, 9), (31, 14), (149, 2), (233, 15), (54, 12), (56, 8), (57, 1), (68, 5), (43, 5), (48, 8), (200, 12), (193, 10), (36, 4), (194, 14), (196, 14), (78, 4), (121, 12), (18, 1), (195, 13), (196, 14), (171, 10), (50, 1), (130, 2), (85, 13), (172, 6), (98, 1), (154, 11), (33, 6), (122, 2), (123, 1), (124, 9), (131, 5), (253, 15), (256, 13), (254, 15), (86, 12), (255, 12), (144, 8), (204, 15), (6, 9), (15, 4), (257, 4), (250, 3), (23, 9), (51, 9), (52, 1), (16, 13), (248, 5), (249, 13), (27, 10), (173, 3), (19, 5), (203, 4), (24, 2), (129, 13), (174, 5), (7, 14), (72, 11), (73, 10), (79, 10), (175, 7), (100, 9), (176, 15), (93, 5), (258, 11), (259, 8), (25, 1), (28, 7), (250, 3), (132, 7), (205, 10), (2, 7), (4, 11), (8, 6), (9, 12), (10, 4), (12, 11), (81, 10), (13, 7), (20, 4), (14, 7), (82, 13), (29, 3), (83, 2), (21, 2), (94, 13), (84, 6), (22, 12), (251, 3), (95, 5), (96, 4)]"
41,"[(92, 6), (74, 5), (75, 9), (247, 8), (97, 10), (177, 2), (179, 12), (37, 7), (63, 3), (66, 1), (67, 9), (34, 9), (49, 7), (32, 4), (234, 11), (235, 3), (236, 15), (240, 4), (241, 13), (242, 4), (252, 14), (160, 12), (163, 10), (164, 8), (38, 1), (39, 13), (232, 8), (1, 5), (155, 15), (156, 3), (30, 3), (101, 4), (111, 15), (35, 12), (11, 11), (201, 13), (206, 6), (207, 12), (208, 1), (145, 6), (146, 3), (53, 5), (17, 1), (44, 9), (45, 8), (46, 2), (80, 8), (99, 14), (112, 7), (118, 3), (119, 5), (120, 6), (26, 15), (150, 2), (151, 1), (152, 9), (133, 11), (140, 5), (141, 2), (143, 1), (216, 10), (227, 6), (228, 10), (229, 6), (230, 4), (231, 14), (87, 14), (89, 11), (90, 2), (181, 4), (182, 15), (183, 12), (184, 4), (185, 2), (187, 3), (188, 6), (190, 5), (191, 1), (69, 7), (71, 15), (197, 2), (198, 7), (165, 2), (169, 3), (170, 4), (253, 15), (54, 12), (60, 10), (61, 8), (149, 2), (256, 13), (68, 5), (48, 8), (254, 15), (43, 5), (27, 10), (144, 8), (255, 12), (130, 2), (200, 12), (2, 6), (3, 8), (18, 1), (93, 14), (78, 4), (171, 10), (180, 7), (72, 11), (172, 6), (36, 4), (131, 5), (257, 4), (6, 12), (51, 3), (173, 3), (7, 14), (94, 13), (31, 14), (73, 13), (98, 14), (12, 8), (19, 5), (33, 6), (174, 9), (132, 10), (85, 3), (233, 15), (248, 3), (95, 5), (79, 10), (258, 11), (259, 8), (50, 1), (96, 6), (52, 1), (175, 7), (251, 7), (100, 9), (176, 15), (86, 12), (249, 13), (121, 12), (23, 14), (122, 2), (125, 11), (127, 14), (128, 7), (20, 3), (21, 9), (154, 11), (81, 9), (129, 13), (28, 10), (250, 3), (8, 1), (24, 4), (9, 12), (251, 3), (82, 14), (10, 10), (25, 1), (83, 2), (13, 7), (15, 4), (84, 6), (22, 12), (29, 8), (16, 13), (14, 7)]"
42,"[(37, 5), (53, 5), (11, 4), (216, 11), (227, 6), (228, 10), (229, 6), (230, 4), (231, 14), (232, 8), (26, 15), (155, 14), (156, 3), (133, 10), (134, 10), (138, 13), (139, 11), (44, 9), (45, 8), (46, 2), (92, 6), (30, 3), (38, 1), (39, 12), (101, 7), (106, 7), (107, 11), (181, 4), (182, 15), (183, 12), (184, 4), (185, 2), (187, 3), (188, 6), (189, 9), (191, 1), (80, 12), (87, 14), (91, 9), (177, 2), (178, 10), (97, 2), (201, 13), (214, 13), (215, 8), (112, 8), (118, 3), (119, 5), (120, 6), (197, 10), (199, 11), (150, 10), (151, 1), (152, 9), (74, 13), (76, 2), (77, 14), (49, 7), (99, 14), (63, 3), (66, 5), (67, 9), (32, 5), (34, 9), (252, 14), (160, 12), (161, 13), (162, 8), (35, 12), (1, 13), (247, 8), (17, 1), (165, 2), (166, 12), (167, 9), (168, 5), (69, 3), (70, 13), (145, 6), (147, 8), (148, 1), (234, 11), (243, 4), (244, 14), (245, 6), (246, 14), (78, 4), (43, 5), (171, 10), (36, 4), (31, 14), (233, 15), (149, 2), (130, 1), (54, 12), (62, 11), (172, 6), (33, 6), (253, 15), (68, 8), (256, 13), (48, 8), (254, 15), (200, 3), (2, 7), (3, 1), (257, 12), (27, 12), (51, 9), (255, 12), (85, 12), (173, 3), (180, 7), (174, 9), (98, 15), (121, 6), (122, 2), (123, 1), (124, 9), (18, 1), (248, 5), (19, 5), (20, 3), (86, 12), (175, 7), (258, 11), (259, 8), (249, 13), (79, 3), (154, 11), (93, 14), (129, 13), (176, 15), (21, 2), (23, 9), (144, 8), (50, 1), (72, 3), (52, 1), (81, 9), (73, 10), (82, 13), (83, 13), (100, 5), (131, 5), (84, 6), (250, 2), (251, 7), (24, 2), (8, 7), (6, 12), (9, 12), (7, 14), (25, 1), (22, 12), (10, 10), (94, 13), (95, 5), (96, 6), (132, 10), (12, 11), (28, 7), (13, 6), (29, 3), (15, 3), (16, 13), (14, 7)]"
43,"[(53, 5), (165, 2), (169, 3), (170, 4), (26, 15), (99, 14), (1, 13), (17, 6), (155, 12), (156, 3), (44, 9), (45, 8), (46, 2), (80, 8), (201, 13), (206, 6), (207, 12), (208, 1), (197, 10), (198, 7), (145, 6), (147, 8), (148, 1), (252, 14), (150, 2), (153, 3), (32, 7), (30, 3), (11, 4), (181, 4), (192, 3), (234, 11), (235, 1), (236, 15), (237, 14), (238, 13), (239, 11), (242, 4), (101, 4), (106, 7), (107, 9), (74, 5), (76, 2), (77, 14), (97, 2), (216, 11), (227, 6), (228, 10), (229, 6), (230, 4), (231, 14), (247, 12), (34, 9), (38, 1), (39, 12), (160, 12), (163, 10), (164, 8), (177, 6), (179, 12), (87, 14), (91, 9), (63, 3), (66, 1), (67, 9), (69, 7), (70, 13), (37, 7), (133, 10), (140, 9), (142, 15), (143, 1), (92, 1), (232, 9), (35, 12), (112, 8), (118, 3), (119, 5), (120, 6), (49, 5), (68, 8), (149, 2), (36, 4), (43, 5), (233, 2), (72, 11), (193, 10), (130, 2), (73, 10), (154, 11), (194, 14), (196, 14), (2, 9), (3, 8), (18, 12), (100, 13), (171, 10), (180, 7), (23, 14), (54, 15), (60, 10), (61, 8), (200, 3), (172, 6), (131, 5), (85, 13), (195, 13), (196, 14), (19, 5), (251, 14), (173, 3), (31, 14), (50, 5), (121, 12), (144, 4), (78, 4), (27, 12), (122, 9), (123, 1), (124, 9), (48, 8), (86, 12), (98, 15), (79, 10), (253, 15), (6, 9), (51, 3), (24, 2), (7, 14), (129, 13), (254, 15), (174, 5), (256, 13), (132, 10), (93, 14), (25, 12), (33, 2), (248, 5), (52, 1), (20, 3), (255, 12), (15, 2), (257, 12), (258, 11), (259, 8), (175, 7), (16, 7), (21, 2), (12, 8), (176, 15), (13, 7), (94, 13), (8, 7), (9, 12), (249, 13), (81, 10), (22, 9), (82, 13), (250, 3), (10, 10), (28, 7), (83, 2), (251, 7), (84, 6), (14, 7), (29, 3), (95, 5), (96, 6)]"
44,"[(34, 9), (53, 5), (112, 7), (118, 3), (119, 5), (120, 6), (150, 2), (151, 1), (152, 9), (247, 8), (44, 9), (47, 14), (160, 12), (163, 10), (164, 8), (26, 15), (234, 4), (235, 3), (236, 15), (240, 4), (241, 13), (242, 4), (97, 2), (145, 6), (147, 8), (148, 1), (38, 11), (39, 12), (35, 12), (32, 7), (80, 10), (30, 8), (74, 13), (75, 9), (1, 5), (63, 3), (64, 6), (65, 2), (49, 7), (87, 14), (91, 12), (216, 11), (227, 13), (228, 10), (229, 6), (230, 4), (231, 14), (69, 3), (71, 15), (197, 2), (198, 7), (165, 2), (169, 3), (170, 2), (11, 4), (37, 5), (17, 1), (181, 4), (182, 15), (183, 12), (184, 4), (185, 2), (187, 3), (188, 6), (189, 9), (191, 1), (133, 11), (140, 9), (142, 15), (143, 1), (99, 14), (177, 1), (179, 12), (252, 14), (101, 4), (106, 7), (107, 9), (155, 14), (159, 5), (201, 13), (213, 1), (232, 8), (92, 6), (200, 12), (130, 1), (131, 6), (171, 10), (172, 6), (149, 2), (180, 7), (50, 5), (78, 15), (31, 14), (36, 6), (233, 2), (18, 1), (23, 14), (68, 5), (248, 5), (54, 15), (60, 10), (61, 8), (154, 11), (173, 3), (100, 13), (43, 5), (174, 9), (144, 8), (27, 10), (175, 7), (12, 11), (176, 15), (6, 12), (33, 8), (251, 7), (48, 13), (253, 15), (254, 15), (255, 12), (256, 13), (98, 15), (85, 3), (7, 14), (257, 4), (93, 14), (51, 9), (86, 12), (249, 13), (52, 1), (24, 2), (2, 7), (4, 11), (8, 7), (9, 13), (132, 10), (258, 11), (72, 11), (259, 8), (28, 6), (19, 5), (94, 13), (79, 14), (10, 10), (121, 12), (122, 2), (125, 11), (126, 8), (128, 7), (81, 8), (82, 13), (15, 2), (73, 10), (83, 2), (84, 6), (29, 3), (20, 13), (25, 13), (95, 5), (96, 6), (129, 4), (21, 2), (16, 13), (22, 12), (13, 7), (14, 7), (250, 3), (251, 7)]"
45,"[(101, 4), (106, 7), (107, 9), (165, 2), (169, 3), (170, 4), (44, 9), (45, 8), (46, 2), (80, 12), (1, 5), (53, 5), (197, 10), (198, 7), (133, 11), (134, 10), (138, 13), (139, 11), (201, 8), (206, 6), (207, 12), (208, 1), (38, 1), (40, 6), (41, 7), (42, 2), (35, 12), (26, 15), (87, 14), (91, 9), (112, 7), (118, 3), (119, 5), (120, 6), (160, 12), (163, 10), (164, 8), (17, 6), (232, 8), (37, 7), (99, 9), (216, 13), (217, 7), (220, 8), (221, 9), (222, 2), (223, 2), (226, 10), (49, 7), (145, 6), (147, 8), (148, 1), (92, 1), (252, 14), (247, 2), (234, 4), (235, 3), (236, 15), (240, 4), (241, 13), (242, 4), (32, 5), (69, 3), (71, 15), (181, 4), (182, 15), (183, 12), (186, 13), (187, 3), (188, 6), (190, 5), (191, 1), (74, 15), (76, 2), (77, 1), (30, 3), (34, 9), (150, 2), (153, 12), (155, 14), (159, 1), (11, 11), (177, 2), (179, 12), (63, 8), (64, 6), (65, 2), (97, 10), (171, 10), (36, 4), (18, 1), (43, 4), (200, 12), (68, 5), (180, 7), (149, 2), (6, 6), (48, 8), (51, 9), (253, 15), (172, 6), (256, 13), (173, 3), (233, 15), (31, 14), (121, 12), (130, 2), (174, 9), (254, 15), (2, 9), (4, 11), (255, 12), (257, 4), (122, 2), (123, 1), (124, 9), (78, 4), (72, 11), (175, 7), (129, 13), (258, 11), (259, 8), (98, 1), (131, 6), (54, 12), (55, 1), (93, 14), (73, 10), (15, 2), (144, 8), (50, 1), (23, 14), (176, 15), (100, 13), (248, 5), (249, 13), (52, 1), (27, 10), (79, 10), (24, 2), (251, 7), (154, 11), (7, 14), (28, 7), (85, 3), (29, 3), (33, 6), (250, 3), (25, 1), (16, 13), (12, 11), (132, 10), (81, 8), (82, 13), (19, 5), (8, 1), (83, 2), (84, 6), (9, 12), (94, 13), (95, 5), (10, 10), (96, 4), (13, 6), (251, 7), (86, 12), (20, 3), (21, 2), (14, 7), (22, 12)]"
46,"[(247, 8), (177, 6), (179, 12), (38, 11), (40, 6), (41, 7), (42, 2), (44, 9), (45, 8), (46, 2), (53, 5), (69, 3), (71, 15), (63, 8), (64, 6), (65, 2), (11, 4), (181, 4), (192, 3), (112, 7), (118, 3), (119, 5), (120, 6), (97, 10), (74, 13), (76, 2), (77, 1), (232, 11), (30, 6), (34, 9), (87, 14), (89, 15), (90, 7), (160, 12), (161, 13), (162, 5), (197, 10), (199, 11), (17, 1), (216, 10), (227, 6), (228, 10), (229, 6), (230, 4), (231, 14), (26, 15), (92, 6), (80, 12), (35, 12), (201, 8), (206, 3), (207, 12), (208, 1), (252, 14), (133, 11), (140, 9), (142, 15), (143, 1), (1, 5), (32, 7), (101, 7), (111, 12), (150, 2), (151, 1), (152, 9), (99, 2), (49, 7), (155, 14), (157, 12), (158, 7), (37, 5), (165, 2), (166, 8), (167, 9), (168, 5), (234, 3), (243, 8), (244, 11), (245, 6), (246, 14), (145, 6), (147, 8), (148, 1), (149, 2), (193, 10), (23, 14), (130, 1), (121, 12), (68, 8), (122, 2), (123, 1), (124, 9), (50, 1), (18, 12), (180, 9), (144, 8), (233, 2), (51, 3), (36, 4), (131, 6), (48, 8), (52, 1), (132, 10), (78, 4), (195, 13), (196, 14), (171, 10), (43, 5), (172, 6), (15, 5), (31, 12), (253, 15), (254, 15), (256, 13), (194, 14), (196, 14), (257, 12), (255, 12), (129, 13), (12, 12), (79, 10), (200, 3), (2, 7), (5, 8), (93, 5), (27, 10), (100, 9), (28, 7), (98, 14), (248, 13), (94, 13), (258, 11), (19, 5), (54, 15), (60, 10), (61, 8), (259, 8), (173, 3), (33, 2), (13, 7), (174, 9), (250, 3), (8, 1), (85, 12), (9, 12), (251, 14), (6, 12), (20, 3), (21, 2), (249, 13), (154, 6), (175, 7), (176, 15), (16, 13), (7, 14), (14, 7), (29, 3), (86, 12), (10, 10), (72, 11), (250, 3), (24, 4), (25, 1), (81, 9), (73, 10), (22, 12), (82, 13), (95, 5), (83, 2), (84, 6), (96, 6)]"
47,"[(53, 5), (26, 15), (92, 6), (247, 8), (112, 7), (118, 3), (119, 5), (120, 6), (165, 2), (166, 12), (167, 9), (168, 5), (133, 11), (134, 10), (135, 4), (136, 12), (137, 7), (139, 11), (150, 10), (151, 1), (152, 9), (201, 13), (213, 1), (101, 4), (105, 1), (44, 9), (47, 14), (37, 7), (11, 4), (145, 6), (146, 3), (35, 12), (1, 13), (74, 15), (76, 2), (77, 1), (99, 14), (87, 14), (91, 12), (30, 8), (49, 7), (197, 2), (198, 7), (34, 9), (32, 4), (216, 3), (227, 6), (228, 10), (229, 6), (230, 4), (231, 14), (177, 1), (179, 12), (252, 14), (38, 11), (40, 6), (41, 7), (42, 2), (63, 3), (66, 1), (67, 9), (97, 10), (69, 13), (71, 15), (232, 8), (80, 8), (234, 5), (243, 4), (244, 14), (245, 6), (246, 14), (17, 5), (155, 14), (157, 12), (158, 7), (160, 12), (163, 10), (164, 8), (181, 4), (192, 3), (149, 2), (180, 9), (27, 10), (171, 10), (18, 1), (144, 8), (193, 10), (43, 5), (172, 6), (81, 9), (233, 15), (72, 11), (48, 8), (68, 5), (31, 14), (173, 3), (195, 10), (196, 14), (200, 3), (253, 15), (194, 14), (196, 14), (73, 13), (254, 15), (54, 12), (55, 1), (12, 12), (256, 13), (130, 1), (131, 5), (78, 15), (174, 9), (255, 12), (100, 9), (50, 5), (175, 7), (176, 15), (132, 10), (85, 3), (28, 7), (93, 14), (23, 14), (82, 13), (257, 4), (248, 5), (79, 14), (24, 2), (98, 1), (29, 3), (36, 4), (33, 2), (6, 9), (7, 12), (154, 6), (51, 3), (83, 2), (250, 2), (121, 12), (52, 1), (251, 7), (258, 11), (2, 7), (5, 8), (122, 2), (125, 11), (127, 14), (128, 7), (259, 8), (94, 13), (129, 13), (19, 13), (25, 1), (13, 6), (8, 7), (84, 6), (9, 12), (95, 5), (96, 6), (20, 3), (249, 13), (21, 2), (15, 3), (10, 10), (86, 12), (16, 13), (250, 4), (14, 7), (22, 12)]"
48,"[(99, 2), (74, 5), (76, 2), (77, 1), (252, 14), (1, 13), (247, 8), (53, 5), (165, 2), (166, 12), (167, 9), (168, 5), (234, 4), (235, 3), (236, 15), (240, 4), (241, 13), (242, 4), (216, 11), (217, 7), (220, 8), (221, 9), (222, 2), (224, 9), (225, 1), (226, 10), (80, 12), (26, 15), (34, 9), (101, 7), (106, 7), (107, 11), (155, 14), (159, 9), (177, 6), (178, 10), (97, 10), (232, 8), (145, 6), (146, 6), (38, 1), (40, 6), (41, 7), (42, 2), (30, 3), (69, 3), (71, 15), (49, 7), (37, 7), (92, 1), (11, 4), (35, 12), (197, 2), (199, 11), (44, 9), (47, 14), (133, 11), (134, 10), (138, 13), (139, 11), (201, 8), (213, 1), (150, 10), (153, 3), (160, 9), (161, 13), (162, 5), (181, 4), (182, 15), (183, 12), (186, 4), (187, 1), (188, 6), (190, 5), (191, 1), (87, 14), (91, 12), (17, 5), (32, 7), (63, 3), (66, 1), (67, 9), (112, 7), (113, 5), (114, 15), (117, 4), (48, 8), (85, 3), (78, 4), (149, 2), (31, 14), (23, 14), (251, 7), (171, 10), (54, 15), (55, 1), (2, 6), (5, 8), (18, 1), (68, 5), (43, 5), (200, 3), (248, 13), (144, 8), (72, 11), (180, 7), (172, 6), (233, 15), (100, 5), (249, 13), (36, 6), (130, 2), (79, 10), (173, 3), (174, 9), (175, 7), (250, 2), (253, 15), (154, 14), (50, 1), (131, 6), (254, 15), (255, 12), (98, 15), (256, 13), (6, 12), (51, 9), (86, 12), (132, 10), (257, 4), (33, 6), (52, 1), (7, 14), (15, 2), (176, 15), (258, 11), (259, 8), (93, 8), (73, 10), (121, 12), (12, 11), (251, 7), (94, 13), (122, 2), (123, 1), (124, 9), (27, 10), (16, 13), (95, 5), (96, 6), (13, 7), (129, 13), (19, 5), (20, 3), (81, 9), (21, 2), (82, 14), (14, 7), (83, 2), (84, 6), (28, 7), (29, 8), (24, 2), (25, 1), (22, 12), (8, 1), (9, 12), (10, 10)]"
49,"[(177, 6), (179, 12), (155, 15), (156, 3), (247, 8), (232, 9), (165, 2), (166, 8), (167, 9), (168, 5), (37, 5), (34, 9), (92, 1), (1, 5), (234, 4), (235, 3), (236, 15), (240, 4), (241, 13), (242, 4), (44, 9), (45, 8), (46, 2), (133, 11), (140, 5), (141, 12), (143, 1), (252, 14), (11, 7), (197, 10), (199, 11), (38, 1), (39, 12), (216, 13), (227, 6), (228, 10), (229, 6), (230, 4), (231, 14), (145, 6), (146, 3), (69, 7), (70, 13), (99, 14), (112, 8), (118, 3), (119, 5), (120, 6), (101, 4), (106, 7), (107, 9), (49, 7), (35, 12), (17, 6), (80, 10), (26, 15), (53, 5), (97, 2), (181, 4), (182, 15), (183, 12), (184, 4), (185, 2), (187, 3), (188, 6), (189, 9), (191, 1), (30, 3), (150, 2), (151, 1), (152, 9), (160, 12), (161, 13), (162, 5), (87, 14), (88, 9), (74, 13), (75, 3), (32, 4), (201, 8), (213, 1), (63, 3), (64, 6), (65, 2), (18, 1), (149, 2), (31, 14), (23, 14), (54, 15), (55, 1), (233, 2), (78, 4), (79, 10), (144, 8), (81, 10), (180, 9), (82, 13), (48, 8), (72, 11), (36, 4), (171, 10), (43, 5), (172, 6), (83, 2), (50, 1), (24, 4), (68, 5), (98, 1), (2, 6), (3, 8), (173, 3), (200, 12), (93, 14), (174, 9), (51, 3), (100, 13), (130, 2), (251, 7), (52, 1), (253, 11), (33, 6), (254, 15), (175, 7), (248, 3), (176, 15), (121, 6), (73, 13), (255, 12), (6, 9), (7, 14), (85, 12), (84, 6), (256, 13), (154, 11), (19, 14), (122, 2), (125, 11), (127, 14), (128, 7), (27, 10), (257, 12), (131, 6), (129, 13), (20, 3), (15, 4), (132, 10), (249, 13), (25, 1), (258, 1), (259, 8), (86, 12), (94, 13), (28, 7), (21, 2), (95, 5), (8, 1), (96, 6), (9, 12), (16, 7), (29, 3), (10, 10), (22, 12), (12, 15), (250, 2), (251, 7), (13, 6), (14, 7)]"
50,"[(160, 12), (161, 13), (162, 5), (49, 7), (101, 4), (105, 1), (17, 5), (145, 6), (147, 8), (148, 1), (37, 7), (216, 11), (227, 6), (228, 10), (229, 6), (230, 4), (231, 14), (69, 3), (70, 13), (177, 2), (178, 10), (74, 15), (76, 2), (77, 1), (87, 14), (88, 5), (181, 4), (182, 15), (183, 12), (184, 4), (185, 2), (187, 3), (188, 6), (189, 9), (191, 1), (150, 10), (151, 1), (152, 9), (38, 11), (39, 12), (92, 1), (112, 8), (113, 2), (114, 15), (117, 4), (30, 3), (133, 11), (134, 10), (138, 13), (139, 11), (97, 10), (80, 12), (155, 14), (157, 12), (158, 7), (44, 9), (47, 14), (247, 8), (197, 2), (199, 11), (35, 12), (201, 8), (209, 8), (32, 7), (252, 14), (34, 9), (234, 4), (235, 3), (236, 15), (237, 10), (238, 13), (239, 11), (242, 4), (11, 7), (232, 8), (26, 15), (63, 3), (66, 1), (67, 9), (165, 2), (169, 3), (170, 4), (99, 2), (53, 5), (1, 13), (253, 15), (149, 2), (256, 13), (8, 9), (210, 6), (43, 5), (68, 5), (233, 2), (54, 15), (62, 14), (144, 8), (171, 10), (254, 15), (18, 1), (130, 1), (255, 12), (78, 15), (100, 13), (36, 4), (211, 7), (172, 6), (248, 3), (212, 2), (6, 12), (48, 8), (200, 12), (9, 13), (31, 14), (121, 6), (79, 10), (33, 6), (173, 3), (251, 7), (51, 9), (85, 3), (23, 15), (257, 4), (7, 14), (50, 6), (122, 2), (123, 1), (124, 9), (174, 9), (154, 11), (180, 9), (98, 1), (52, 12), (27, 10), (86, 5), (24, 2), (81, 10), (12, 11), (129, 13), (175, 7), (258, 11), (2, 6), (3, 8), (259, 8), (249, 13), (10, 4), (176, 15), (13, 1), (19, 3), (93, 5), (25, 14), (131, 6), (132, 10), (15, 4), (94, 13), (250, 3), (251, 14), (16, 13), (20, 3), (72, 3), (21, 2), (73, 10), (95, 5), (22, 12), (28, 7), (82, 14), (83, 13), (14, 2), (96, 6), (84, 6), (29, 3)]"
